;b_block;b_pair;b_treat;dayscorab;b_dayscorab;miss_b_dayscorab;round2;round3
1;1;1;1;7;4;0;0;0
2;1;1;1;2;0;1;0;0
3;1;1;1;3;2;0;0;0
4;1;1;1;1;3;0;0;0
5;1;1;1;7;7;0;0;0
6;1;1;1;NA;7;0;0;0
7;1;1;1;7;3;0;0;0
8;1;1;1;3;7;0;0;0
9;1;1;1;NA;3;0;0;0
10;1;1;1;2;2;0;0;0
11;1;1;1;NA;7;0;0;0
12;1;1;1;4;3;0;0;0
13;1;1;1;1;7;0;0;0
14;1;1;1;3;3;0;0;0
15;1;1;1;1;4;0;0;0
16;1;1;1;NA;7;0;0;0
17;1;1;1;7;7;0;0;0
18;1;1;1;7;7;0;0;0
19;2;2;1;4;3;0;0;0
20;2;2;1;6;2;0;0;0
21;2;2;1;NA;7;0;0;0
22;2;2;1;3;2;0;0;0
23;2;2;1;7;7;0;0;0
24;2;2;1;4;4;0;0;0
25;2;2;1;7;7;0;0;0
26;2;2;1;2;0;1;0;0
27;2;2;1;3;4;0;0;0
28;2;2;1;1;0;1;0;0
29;2;2;1;NA;5;0;0;0
30;2;2;1;7;5;0;0;0
31;2;2;1;NA;3;0;0;0
32;2;2;1;7;7;0;0;0
33;2;2;1;NA;4;0;0;0
34;2;2;1;6;7;0;0;0
35;2;2;1;NA;7;0;0;0
36;2;2;1;2;2;0;0;0
37;2;2;1;NA;0;1;0;0
38;2;2;1;7;7;0;0;0
39;3;2;0;7;7;0;0;0
40;3;2;0;2;2;0;0;0
41;3;2;0;7;7;0;0;0
42;3;2;0;3;0;1;0;0
43;3;2;0;NA;3;0;0;0
44;3;2;0;NA;7;0;0;0
45;3;2;0;NA;6;0;0;0
46;3;2;0;7;4;0;0;0
47;3;2;0;7;7;0;0;0
48;3;2;0;NA;7;0;0;0
49;3;2;0;4;7;0;0;0
50;3;2;0;NA;7;0;0;0
51;3;2;0;5;7;0;0;0
52;3;2;0;3;4;0;0;0
53;3;2;0;NA;7;0;0;0
54;3;2;0;NA;4;0;0;0
55;3;2;0;NA;7;0;0;0
56;3;2;0;6;7;0;0;0
57;3;2;0;2;7;0;0;0
58;3;2;0;NA;7;0;0;0
59;3;2;0;7;2;0;0;0
60;3;2;0;2;2;0;0;0
61;4;3;0;NA;4;0;0;0
62;4;3;0;3;7;0;0;0
63;4;3;0;NA;7;0;0;0
64;4;3;0;NA;7;0;0;0
65;4;3;0;NA;2;0;0;0
66;4;3;0;3;4;0;0;0
67;4;3;0;2;3;0;0;0
68;4;3;0;3;3;0;0;0
69;4;3;0;NA;4;0;0;0
70;4;3;0;NA;7;0;0;0
71;4;3;0;NA;5;0;0;0
72;4;3;0;7;7;0;0;0
73;4;3;0;NA;7;0;0;0
74;4;3;0;3;7;0;0;0
75;4;3;0;NA;0;1;0;0
76;4;3;0;4;7;0;0;0
77;4;3;0;NA;3;0;0;0
78;4;3;0;NA;7;0;0;0
79;4;3;0;NA;7;0;0;0
80;4;3;0;4;3;0;0;0
81;5;11;0;2;2;0;0;0
82;5;11;0;3;7;0;0;0
83;5;11;0;2;2;0;0;0
84;5;11;0;1;2;0;0;0
85;5;11;0;7;7;0;0;0
86;5;11;0;3;5;0;0;0
87;5;11;0;3;4;0;0;0
88;5;11;0;NA;2;0;0;0
89;5;11;0;3;0;1;0;0
90;5;11;0;0;0;1;0;0
91;5;11;0;NA;7;0;0;0
92;5;11;0;6;7;0;0;0
93;5;11;0;7;7;0;0;0
94;5;11;0;NA;3;0;0;0
95;5;11;0;7;3;0;0;0
96;5;11;0;2;0;1;0;0
97;5;11;0;3;6;0;0;0
98;5;11;0;NA;6;0;0;0
99;5;11;0;NA;7;0;0;0
100;6;7;0;7;2;0;0;0
101;6;7;0;NA;7;0;0;0
102;6;7;0;4;6;0;0;0
103;6;7;0;5;3;0;0;0
104;6;7;0;7;4;0;0;0
105;6;7;0;7;7;0;0;0
106;6;7;0;2;7;0;0;0
107;6;7;0;NA;0;1;0;0
108;6;7;0;7;7;0;0;0
109;6;7;0;5;7;0;0;0
110;6;7;0;4;3;0;0;0
111;6;7;0;NA;3;0;0;0
112;6;7;0;7;7;0;0;0
113;6;7;0;6;7;0;0;0
114;6;7;0;7;7;0;0;0
115;6;7;0;3;7;0;0;0
116;6;7;0;2;3;0;0;0
117;6;7;0;4;7;0;0;0
118;6;7;0;7;7;0;0;0
119;6;7;0;4;3;0;0;0
120;6;7;0;7;7;0;0;0
121;6;7;0;NA;3;0;0;0
122;6;7;0;NA;0;1;0;0
123;6;7;0;2;2;0;0;0
124;6;7;0;NA;0;1;0;0
125;6;7;0;3;0;1;0;0
126;6;7;0;7;7;0;0;0
127;6;7;0;NA;0;1;0;0
128;6;7;0;3;3;0;0;0
129;6;7;0;7;4;0;0;0
130;6;7;0;7;7;0;0;0
131;7;7;1;7;4;0;0;0
132;7;7;1;NA;7;0;0;0
133;7;7;1;7;3;0;0;0
134;7;7;1;1;7;0;0;0
135;7;7;1;4;7;0;0;0
136;7;7;1;4;3;0;0;0
137;7;7;1;NA;7;0;0;0
138;7;7;1;3;7;0;0;0
139;7;7;1;NA;0;1;0;0
140;7;7;1;4;7;0;0;0
141;7;7;1;3;7;0;0;0
142;7;7;1;3;3;0;0;0
143;7;7;1;6;6;0;0;0
144;7;7;1;7;4;0;0;0
145;7;7;1;5;7;0;0;0
146;8;8;1;3;3;0;0;0
147;8;8;1;0;2;0;0;0
148;8;8;1;1;0;1;0;0
149;8;8;1;2;4;0;0;0
150;8;8;1;3;3;0;0;0
151;8;8;1;NA;1;0;0;0
152;8;8;1;4;0;1;0;0
153;8;8;1;NA;7;0;0;0
154;8;8;1;7;7;0;0;0
155;8;8;1;7;2;0;0;0
156;8;8;1;NA;7;0;0;0
157;8;8;1;3;7;0;0;0
158;8;8;1;4;7;0;0;0
159;8;8;1;NA;0;1;0;0
160;8;8;1;7;3;0;0;0
161;8;8;1;NA;0;1;0;0
162;8;8;1;7;3;0;0;0
163;9;10;0;NA;3;0;0;0
164;9;10;0;3;3;0;0;0
165;9;10;0;3;3;0;0;0
166;9;10;0;7;7;0;0;0
167;9;10;0;7;6;0;0;0
168;9;10;0;3;2;0;0;0
169;9;10;0;7;6;0;0;0
170;9;10;0;NA;7;0;0;0
171;9;10;0;7;7;0;0;0
172;9;10;0;NA;3;0;0;0
173;9;10;0;3;7;0;0;0
174;9;10;0;NA;0;1;0;0
175;9;10;0;NA;7;0;0;0
176;9;10;0;6;3;0;0;0
177;9;10;0;4;7;0;0;0
178;9;10;0;7;7;0;0;0
179;9;10;0;NA;7;0;0;0
180;9;10;0;NA;3;0;0;0
181;9;10;0;NA;5;0;0;0
182;9;10;0;NA;7;0;0;0
183;9;10;0;3;2;0;0;0
184;11;8;0;NA;7;0;0;0
185;11;8;0;NA;3;0;0;0
186;11;8;0;3;0;1;0;0
187;11;8;0;3;3;0;0;0
188;11;8;0;NA;3;0;0;0
189;11;8;0;7;6;0;0;0
190;11;8;0;NA;3;0;0;0
191;11;8;0;NA;3;0;0;0
192;11;8;0;NA;3;0;0;0
193;11;8;0;6;7;0;0;0
194;11;8;0;6;7;0;0;0
195;11;8;0;NA;2;0;0;0
196;11;8;0;7;2;0;0;0
197;11;8;0;7;7;0;0;0
198;11;8;0;7;3;0;0;0
199;11;8;0;3;3;0;0;0
200;11;8;0;NA;7;0;0;0
201;12;4;1;7;7;0;0;0
202;12;4;1;NA;7;0;0;0
203;12;4;1;NA;2;0;0;0
204;12;4;1;NA;7;0;0;0
205;12;4;1;1;6;0;0;0
206;12;4;1;NA;7;0;0;0
207;12;4;1;4;4;0;0;0
208;12;4;1;4;4;0;0;0
209;12;4;1;NA;7;0;0;0
210;12;4;1;7;7;0;0;0
211;12;4;1;5;7;0;0;0
212;12;4;1;5;7;0;0;0
213;13;11;1;1;2;0;0;0
214;13;11;1;3;3;0;0;0
215;13;11;1;3;0;1;0;0
216;13;11;1;0;0;1;0;0
217;13;11;1;0;0;1;0;0
218;13;11;1;4;7;0;0;0
219;13;11;1;5;4;0;0;0
220;13;11;1;3;3;0;0;0
221;13;11;1;4;2;0;0;0
222;13;11;1;3;3;0;0;0
223;13;11;1;3;7;0;0;0
224;13;11;1;3;6;0;0;0
225;13;11;1;6;6;0;0;0
226;13;11;1;NA;7;0;0;0
227;13;11;1;7;3;0;0;0
228;13;11;1;7;7;0;0;0
229;13;11;1;7;4;0;0;0
230;13;11;1;NA;3;0;0;0
231;13;11;1;3;7;0;0;0
232;13;11;1;7;2;0;0;0
233;13;11;1;7;7;0;0;0
234;13;11;1;7;7;0;0;0
235;13;11;1;7;7;0;0;0
236;13;11;1;7;7;0;0;0
237;15;10;1;NA;0;1;0;0
238;15;10;1;7;4;0;0;0
239;15;10;1;NA;2;0;0;0
240;15;10;1;3;2;0;0;0
241;15;10;1;7;3;0;0;0
242;15;10;1;3;5;0;0;0
243;15;10;1;7;7;0;0;0
244;15;10;1;NA;0;1;0;0
245;15;10;1;7;7;0;0;0
246;15;10;1;NA;0;1;0;0
247;15;10;1;6;5;0;0;0
248;15;10;1;0;5;0;0;0
249;15;10;1;3;4;0;0;0
250;15;10;1;7;2;0;0;0
251;15;10;1;7;6;0;0;0
252;15;10;1;NA;6;0;0;0
253;15;10;1;0;2;0;0;0
254;15;10;1;3;2;0;0;0
255;15;10;1;NA;0;1;0;0
256;15;10;1;7;7;0;0;0
257;15;10;1;3;3;0;0;0
258;15;10;1;4;3;0;0;0
259;15;10;1;3;2;0;0;0
260;15;10;1;3;3;0;0;0
261;15;10;1;2;3;0;0;0
262;15;10;1;6;3;0;0;0
263;15;10;1;1;2;0;0;0
264;15;10;1;NA;3;0;0;0
265;15;10;1;2;3;0;0;0
266;15;10;1;4;4;0;0;0
267;15;10;1;3;2;0;0;0
268;15;10;1;1;3;0;0;0
269;15;10;1;7;7;0;0;0
270;15;10;1;5;6;0;0;0
271;15;10;1;5;0;1;0;0
272;15;10;1;3;3;0;0;0
273;16;5;1;3;7;0;0;0
274;16;5;1;7;7;0;0;0
275;16;5;1;6;7;0;0;0
276;16;5;1;2;2;0;0;0
277;16;5;1;1;7;0;0;0
278;16;5;1;3;2;0;0;0
279;16;5;1;3;2;0;0;0
280;16;5;1;3;3;0;0;0
281;16;5;1;3;3;0;0;0
282;16;5;1;NA;3;0;0;0
283;16;5;1;7;7;0;0;0
284;16;5;1;3;4;0;0;0
285;16;5;1;NA;0;1;0;0
286;16;5;1;NA;3;0;0;0
287;16;5;1;3;7;0;0;0
288;17;5;0;7;7;0;0;0
289;17;5;0;7;3;0;0;0
290;17;5;0;7;3;0;0;0
291;17;5;0;2;3;0;0;0
292;17;5;0;4;3;0;0;0
293;17;5;0;4;7;0;0;0
294;17;5;0;NA;7;0;0;0
295;17;5;0;7;3;0;0;0
296;17;5;0;3;3;0;0;0
297;17;5;0;3;3;0;0;0
298;18;1;0;7;0;1;0;0
299;18;1;0;7;7;0;0;0
300;18;1;0;NA;3;0;0;0
301;18;1;0;7;2;0;0;0
302;18;1;0;6;3;0;0;0
303;18;1;0;NA;2;0;0;0
304;18;1;0;NA;3;0;0;0
305;18;1;0;NA;2;0;0;0
306;18;1;0;7;5;0;0;0
307;18;1;0;4;2;0;0;0
308;18;1;0;7;7;0;0;0
309;18;1;0;7;7;0;0;0
310;18;1;0;NA;7;0;0;0
311;18;1;0;4;7;0;0;0
312;18;1;0;1;0;1;0;0
313;18;1;0;4;4;0;0;0
314;18;1;0;4;7;0;0;0
315;18;1;0;2;7;0;0;0
316;18;1;0;3;3;0;0;0
317;18;1;0;NA;3;0;0;0
318;18;1;0;7;7;0;0;0
319;19;6;1;NA;2;0;0;0
320;19;6;1;6;3;0;0;0
321;19;6;1;NA;3;0;0;0
322;19;6;1;4;5;0;0;0
323;19;6;1;NA;2;0;0;0
324;19;6;1;6;7;0;0;0
325;19;6;1;1;6;0;0;0
326;19;6;1;1;1;0;0;0
327;19;6;1;NA;7;0;0;0
328;19;6;1;7;7;0;0;0
329;19;6;1;NA;1;0;0;0
330;19;6;1;NA;3;0;0;0
331;19;6;1;4;3;0;0;0
332;19;6;1;1;1;0;0;0
333;19;6;1;NA;3;0;0;0
334;19;6;1;NA;1;0;0;0
335;19;6;1;NA;0;1;0;0
336;19;6;1;2;3;0;0;0
337;19;6;1;NA;3;0;0;0
338;19;6;1;7;7;0;0;0
339;19;6;1;5;3;0;0;0
340;19;6;1;4;3;0;0;0
341;19;6;1;NA;7;0;0;0
342;19;6;1;NA;3;0;0;0
343;19;6;1;2;3;0;0;0
344;19;6;1;NA;2;0;0;0
345;19;6;1;NA;7;0;0;0
346;20;4;0;0;7;0;0;0
347;20;4;0;4;7;0;0;0
348;20;4;0;7;7;0;0;0
349;20;4;0;2;7;0;0;0
350;20;4;0;0;6;0;0;0
351;20;4;0;4;7;0;0;0
352;20;4;0;0;2;0;0;0
353;20;4;0;7;3;0;0;0
354;20;4;0;0;7;0;0;0
355;20;4;0;7;2;0;0;0
356;20;4;0;7;2;0;0;0
357;20;4;0;0;7;0;0;0
358;20;4;0;0;3;0;0;0
359;20;4;0;5;7;0;0;0
360;20;4;0;5;6;0;0;0
361;20;4;0;7;7;0;0;0
362;20;4;0;4;7;0;0;0
363;20;4;0;NA;3;0;0;0
364;21;3;1;4;2;0;0;0
365;21;3;1;4;7;0;0;0
366;21;3;1;3;3;0;0;0
367;21;3;1;5;7;0;0;0
368;21;3;1;NA;2;0;0;0
369;21;3;1;NA;7;0;0;0
370;21;3;1;1;1;0;0;0
371;21;3;1;4;3;0;0;0
372;21;3;1;NA;7;0;0;0
373;21;3;1;2;3;0;0;0
374;21;3;1;NA;2;0;0;0
375;21;3;1;NA;7;0;0;0
376;21;3;1;3;4;0;0;0
377;21;3;1;2;2;0;0;0
378;21;3;1;7;0;1;0;0
379;21;3;1;NA;0;1;0;0
380;21;3;1;NA;7;0;0;0
381;21;3;1;NA;7;0;0;0
382;21;3;1;NA;7;0;0;0
383;22;12;1;4;6;0;0;0
384;22;12;1;7;4;0;0;0
385;22;12;1;NA;3;0;0;0
386;22;12;1;7;7;0;0;0
387;22;12;1;0;0;1;0;0
388;22;12;1;3;3;0;0;0
389;22;12;1;7;7;0;0;0
390;22;12;1;4;3;0;0;0
391;22;12;1;7;7;0;0;0
392;22;12;1;2;1;0;0;0
393;22;12;1;NA;5;0;0;0
394;22;12;1;4;3;0;0;0
395;22;12;1;NA;2;0;0;0
396;22;12;1;NA;7;0;0;0
397;22;12;1;7;7;0;0;0
398;22;12;1;3;3;0;0;0
399;22;12;1;NA;7;0;0;0
400;22;12;1;7;3;0;0;0
401;22;12;1;2;2;0;0;0
402;22;12;1;NA;7;0;0;0
403;22;12;1;NA;7;0;0;0
404;23;9;0;7;2;0;0;0
405;23;9;0;7;3;0;0;0
406;23;9;0;NA;7;0;0;0
407;23;9;0;3;7;0;0;0
408;23;9;0;3;4;0;0;0
409;23;9;0;7;7;0;0;0
410;23;9;0;7;7;0;0;0
411;23;9;0;7;7;0;0;0
412;23;9;0;7;7;0;0;0
413;23;9;0;2;0;1;0;0
414;23;9;0;3;2;0;0;0
415;23;9;0;7;7;0;0;0
416;23;9;0;NA;2;0;0;0
417;23;9;0;NA;2;0;0;0
418;23;9;0;6;7;0;0;0
419;23;9;0;7;7;0;0;0
420;24;12;0;3;7;0;0;0
421;24;12;0;7;7;0;0;0
422;24;12;0;7;6;0;0;0
423;24;12;0;3;3;0;0;0
424;24;12;0;7;3;0;0;0
425;24;12;0;3;3;0;0;0
426;24;12;0;7;7;0;0;0
427;24;12;0;NA;7;0;0;0
428;24;12;0;0;0;1;0;0
429;24;12;0;7;7;0;0;0
430;24;12;0;7;7;0;0;0
431;24;12;0;NA;7;0;0;0
432;24;12;0;1;3;0;0;0
433;24;12;0;7;4;0;0;0
434;24;12;0;5;7;0;0;0
435;24;12;0;7;7;0;0;0
436;24;12;0;NA;3;0;0;0
437;25;6;0;7;7;0;0;0
438;25;6;0;2;7;0;0;0
439;25;6;0;NA;3;0;0;0
440;25;6;0;NA;3;0;0;0
441;25;6;0;7;3;0;0;0
442;25;6;0;3;3;0;0;0
443;25;6;0;7;7;0;0;0
444;25;6;0;NA;4;0;0;0
445;25;6;0;3;3;0;0;0
446;25;6;0;NA;3;0;0;0
447;26;9;1;4;4;0;0;0
448;26;9;1;7;7;0;0;0
449;26;9;1;4;4;0;0;0
450;26;9;1;NA;4;0;0;0
451;26;9;1;0;3;0;0;0
452;26;9;1;4;4;0;0;0
453;26;9;1;3;3;0;0;0
454;26;9;1;7;6;0;0;0
455;27;19;1;7;7;0;0;0
456;27;19;1;7;2;0;0;0
457;27;19;1;NA;7;0;0;0
458;27;19;1;7;7;0;0;0
459;27;19;1;NA;7;0;0;0
460;27;19;1;2;2;0;0;0
461;27;19;1;7;7;0;0;0
462;27;19;1;NA;7;0;0;0
463;27;19;1;3;4;0;0;0
464;27;19;1;7;7;0;0;0
465;27;19;1;3;3;0;0;0
466;27;19;1;7;7;0;0;0
467;27;19;1;NA;7;0;0;0
468;27;19;1;7;7;0;0;0
469;28;32;1;7;3;0;0;0
470;28;32;1;NA;7;0;0;0
471;28;32;1;NA;3;0;0;0
472;28;32;1;7;7;0;0;0
473;28;32;1;7;7;0;0;0
474;28;32;1;3;0;1;0;0
475;28;32;1;7;7;0;0;0
476;28;32;1;7;7;0;0;0
477;28;32;1;7;7;0;0;0
478;28;32;1;2;3;0;0;0
479;28;32;1;7;4;0;0;0
480;28;32;1;3;3;0;0;0
481;28;32;1;2;2;0;0;0
482;28;32;1;3;3;0;0;0
483;28;32;1;NA;3;0;0;0
484;28;32;1;7;7;0;0;0
485;28;32;1;3;3;0;0;0
486;28;32;1;7;6;0;0;0
487;28;32;1;NA;3;0;0;0
488;29;15;1;5;2;0;0;0
489;29;15;1;NA;2;0;0;0
490;29;15;1;7;3;0;0;0
491;29;15;1;4;7;0;0;0
492;29;15;1;7;5;0;0;0
493;29;15;1;4;3;0;0;0
494;29;15;1;4;7;0;0;0
495;29;15;1;3;7;0;0;0
496;29;15;1;6;0;1;0;0
497;29;15;1;7;2;0;0;0
498;29;15;1;3;7;0;0;0
499;29;15;1;NA;7;0;0;0
500;29;15;1;3;3;0;0;0
501;29;15;1;7;7;0;0;0
502;29;15;1;4;0;1;0;0
503;29;15;1;4;0;1;0;0
504;29;15;1;NA;7;0;0;0
505;29;15;1;7;7;0;0;0
506;29;15;1;NA;0;1;0;0
507;29;15;1;7;4;0;0;0
508;29;15;1;5;7;0;0;0
509;29;15;1;4;3;0;0;0
510;29;15;1;7;7;0;0;0
511;29;15;1;6;7;0;0;0
512;29;15;1;NA;7;0;0;0
513;30;18;1;NA;7;0;0;0
514;30;18;1;NA;3;0;0;0
515;30;18;1;2;7;0;0;0
516;30;18;1;NA;3;0;0;0
517;30;18;1;4;4;0;0;0
518;30;18;1;7;7;0;0;0
519;30;18;1;7;7;0;0;0
520;30;18;1;7;6;0;0;0
521;30;18;1;7;7;0;0;0
522;30;18;1;NA;7;0;0;0
523;30;18;1;4;7;0;0;0
524;30;18;1;7;7;0;0;0
525;30;18;1;7;7;0;0;0
526;30;18;1;5;6;0;0;0
527;30;18;1;5;7;0;0;0
528;30;18;1;7;0;1;0;0
529;30;18;1;7;7;0;0;0
530;30;18;1;3;3;0;0;0
531;30;18;1;NA;7;0;0;0
532;30;18;1;4;3;0;0;0
533;30;18;1;1;1;0;0;0
534;30;18;1;7;7;0;0;0
535;30;18;1;7;4;0;0;0
536;30;18;1;NA;7;0;0;0
537;31;18;0;7;7;0;0;0
538;31;18;0;2;2;0;0;0
539;31;18;0;NA;7;0;0;0
540;31;18;0;6;7;0;0;0
541;31;18;0;NA;3;0;0;0
542;31;18;0;NA;7;0;0;0
543;31;18;0;NA;7;0;0;0
544;31;18;0;7;6;0;0;0
545;31;18;0;7;2;0;0;0
546;31;18;0;NA;7;0;0;0
547;31;18;0;7;7;0;0;0
548;31;18;0;7;3;0;0;0
549;31;18;0;7;6;0;0;0
550;31;18;0;NA;7;0;0;0
551;31;18;0;NA;2;0;0;0
552;31;18;0;7;3;0;0;0
553;31;18;0;7;7;0;0;0
554;31;18;0;NA;5;0;0;0
555;31;18;0;NA;5;0;0;0
556;31;18;0;5;3;0;0;0
557;32;21;1;7;7;0;0;0
558;32;21;1;7;3;0;0;0
559;32;21;1;7;6;0;0;0
560;32;21;1;7;7;0;0;0
561;32;21;1;NA;2;0;0;0
562;32;21;1;NA;2;0;0;0
563;32;21;1;5;7;0;0;0
564;32;21;1;4;6;0;0;0
565;32;21;1;7;7;0;0;0
566;32;21;1;NA;6;0;0;0
567;32;21;1;7;6;0;0;0
568;32;21;1;3;7;0;0;0
569;32;21;1;NA;4;0;0;0
570;32;21;1;7;7;0;0;0
571;32;21;1;3;4;0;0;0
572;32;21;1;NA;7;0;0;0
573;33;34;1;0;3;0;0;0
574;33;34;1;3;3;0;0;0
575;33;34;1;NA;3;0;0;0
576;33;34;1;0;2;0;0;0
577;33;34;1;1;0;1;0;0
578;33;34;1;7;7;0;0;0
579;33;34;1;7;7;0;0;0
580;33;34;1;NA;7;0;0;0
581;33;34;1;2;3;0;0;0
582;33;34;1;7;7;0;0;0
583;33;34;1;3;0;1;0;0
584;33;34;1;7;6;0;0;0
585;33;34;1;7;4;0;0;0
586;33;34;1;7;2;0;0;0
587;33;34;1;7;7;0;0;0
588;33;34;1;7;7;0;0;0
589;34;23;1;0;2;0;0;0
590;34;23;1;3;3;0;0;0
591;34;23;1;5;2;0;0;0
592;34;23;1;2;3;0;0;0
593;34;23;1;2;2;0;0;0
594;34;23;1;6;7;0;0;0
595;34;23;1;2;3;0;0;0
596;34;23;1;7;7;0;0;0
597;34;23;1;4;3;0;0;0
598;34;23;1;3;2;0;0;0
599;34;23;1;4;3;0;0;0
600;34;23;1;3;6;0;0;0
601;34;23;1;7;7;0;0;0
602;34;23;1;7;7;0;0;0
603;34;23;1;NA;7;0;0;0
604;34;23;1;NA;2;0;0;0
605;34;23;1;7;2;0;0;0
606;34;23;1;3;4;0;0;0
607;36;34;0;4;4;0;0;0
608;36;34;0;2;3;0;0;0
609;36;34;0;NA;2;0;0;0
610;36;34;0;0;0;1;0;0
611;36;34;0;7;7;0;0;0
612;36;34;0;NA;7;0;0;0
613;36;34;0;7;7;0;0;0
614;36;34;0;7;4;0;0;0
615;36;34;0;1;0;1;0;0
616;36;34;0;NA;3;0;0;0
617;36;34;0;7;7;0;0;0
618;37;27;1;NA;0;1;0;0
619;37;27;1;2;3;0;0;0
620;37;27;1;7;6;0;0;0
621;37;27;1;2;3;0;0;0
622;37;27;1;7;7;0;0;0
623;37;27;1;2;2;0;0;0
624;37;27;1;NA;2;0;0;0
625;37;27;1;7;4;0;0;0
626;37;27;1;3;3;0;0;0
627;37;27;1;7;7;0;0;0
628;37;27;1;7;7;0;0;0
629;37;27;1;0;3;0;0;0
630;37;27;1;2;3;0;0;0
631;37;27;1;1;0;1;0;0
632;37;27;1;7;0;1;0;0
633;37;27;1;7;7;0;0;0
634;37;27;1;NA;0;1;0;0
635;37;27;1;7;7;0;0;0
636;37;27;1;7;6;0;0;0
637;38;19;0;7;5;0;0;0
638;38;19;0;7;7;0;0;0
639;38;19;0;0;3;0;0;0
640;38;19;0;NA;4;0;0;0
641;38;19;0;7;7;0;0;0
642;38;19;0;4;2;0;0;0
643;38;19;0;NA;7;0;0;0
644;38;19;0;NA;0;1;0;0
645;38;19;0;7;7;0;0;0
646;38;19;0;NA;7;0;0;0
647;38;19;0;5;6;0;0;0
648;38;19;0;7;7;0;0;0
649;38;19;0;7;7;0;0;0
650;39;15;0;7;7;0;0;0
651;39;15;0;3;3;0;0;0
652;39;15;0;3;0;1;0;0
653;39;15;0;7;7;0;0;0
654;39;15;0;7;3;0;0;0
655;39;15;0;7;4;0;0;0
656;39;15;0;7;7;0;0;0
657;39;15;0;7;4;0;0;0
658;39;15;0;4;7;0;0;0
659;39;15;0;3;3;0;0;0
660;39;15;0;7;7;0;0;0
661;39;15;0;7;7;0;0;0
662;39;15;0;NA;2;0;0;0
663;39;15;0;7;7;0;0;0
664;39;15;0;4;7;0;0;0
665;39;15;0;4;3;0;0;0
666;39;15;0;5;7;0;0;0
667;39;15;0;7;7;0;0;0
668;39;15;0;7;7;0;0;0
669;39;15;0;7;5;0;0;0
670;39;15;0;7;3;0;0;0
671;39;15;0;7;7;0;0;0
672;39;15;0;2;2;0;0;0
673;39;15;0;7;7;0;0;0
674;40;23;0;2;2;0;0;0
675;40;23;0;NA;3;0;0;0
676;40;23;0;6;7;0;0;0
677;40;23;0;2;0;1;0;0
678;40;23;0;7;7;0;0;0
679;40;23;0;NA;4;0;0;0
680;40;23;0;3;3;0;0;0
681;40;23;0;NA;1;0;0;0
682;40;23;0;2;2;0;0;0
683;40;23;0;7;7;0;0;0
684;40;23;0;4;0;1;0;0
685;40;23;0;3;0;1;0;0
686;41;24;1;7;4;0;0;0
687;41;24;1;7;7;0;0;0
688;41;24;1;4;6;0;0;0
689;41;24;1;6;5;0;0;0
690;41;24;1;3;4;0;0;0
691;41;24;1;6;7;0;0;0
692;41;24;1;NA;3;0;0;0
693;41;24;1;NA;1;0;0;0
694;41;24;1;NA;3;0;0;0
695;41;24;1;NA;7;0;0;0
696;41;24;1;NA;3;0;0;0
697;42;22;1;7;3;0;0;0
698;42;22;1;1;0;1;0;0
699;42;22;1;5;7;0;0;0
700;42;22;1;7;7;0;0;0
701;42;22;1;NA;6;0;0;0
702;42;22;1;3;0;1;0;0
703;42;22;1;3;2;0;0;0
704;42;22;1;2;2;0;0;0
705;42;22;1;4;2;0;0;0
706;42;22;1;7;6;0;0;0
707;42;22;1;3;3;0;0;0
708;42;22;1;NA;2;0;0;0
709;42;22;1;0;2;0;0;0
710;42;22;1;NA;3;0;0;0
711;42;22;1;3;3;0;0;0
712;42;22;1;NA;3;0;0;0
713;42;22;1;NA;7;0;0;0
714;42;22;1;7;3;0;0;0
715;43;25;1;NA;7;0;0;0
716;43;25;1;7;6;0;0;0
717;43;25;1;2;0;1;0;0
718;43;25;1;7;7;0;0;0
719;43;25;1;6;5;0;0;0
720;43;25;1;3;3;0;0;0
721;43;25;1;7;7;0;0;0
722;43;25;1;0;0;1;0;0
723;43;25;1;7;7;0;0;0
724;43;25;1;3;2;0;0;0
725;43;25;1;7;0;1;0;0
726;43;25;1;2;3;0;0;0
727;43;25;1;7;3;0;0;0
728;43;25;1;2;0;1;0;0
729;43;25;1;3;3;0;0;0
730;44;28;1;3;1;0;0;0
731;44;28;1;NA;0;1;0;0
732;44;28;1;7;5;0;0;0
733;44;28;1;2;3;0;0;0
734;44;28;1;NA;0;1;0;0
735;44;28;1;7;7;0;0;0
736;44;28;1;7;0;1;0;0
737;44;28;1;3;3;0;0;0
738;44;28;1;0;3;0;0;0
739;44;28;1;7;7;0;0;0
740;44;28;1;6;7;0;0;0
741;46;30;1;7;7;0;0;0
742;46;30;1;2;3;0;0;0
743;46;30;1;1;2;0;0;0
744;46;30;1;NA;4;0;0;0
745;46;30;1;NA;2;0;0;0
746;46;30;1;2;0;1;0;0
747;46;30;1;3;4;0;0;0
748;46;30;1;NA;4;0;0;0
749;46;30;1;2;2;0;0;0
750;46;30;1;2;0;1;0;0
751;46;30;1;NA;6;0;0;0
752;46;30;1;0;2;0;0;0
753;46;30;1;NA;2;0;0;0
754;46;30;1;1;2;0;0;0
755;46;30;1;NA;3;0;0;0
756;46;30;1;NA;2;0;0;0
757;46;30;1;2;3;0;0;0
758;46;30;1;4;5;0;0;0
759;46;30;1;2;6;0;0;0
760;46;30;1;7;7;0;0;0
761;49;30;0;NA;0;1;0;0
762;49;30;0;5;7;0;0;0
763;49;30;0;NA;3;0;0;0
764;49;30;0;7;0;1;0;0
765;49;30;0;7;2;0;0;0
766;49;30;0;2;3;0;0;0
767;49;30;0;4;4;0;0;0
768;49;30;0;3;2;0;0;0
769;49;30;0;7;7;0;0;0
770;49;30;0;NA;7;0;0;0
771;49;30;0;6;7;0;0;0
772;49;30;0;5;4;0;0;0
773;49;30;0;6;0;1;0;0
774;49;30;0;7;0;1;0;0
775;49;30;0;NA;4;0;0;0
776;49;30;0;2;2;0;0;0
777;49;30;0;6;6;0;0;0
778;50;17;0;NA;7;0;0;0
779;50;17;0;2;0;1;0;0
780;50;17;0;4;7;0;0;0
781;50;17;0;7;7;0;0;0
782;50;17;0;NA;5;0;0;0
783;50;17;0;NA;7;0;0;0
784;50;17;0;6;4;0;0;0
785;50;17;0;6;7;0;0;0
786;50;17;0;7;0;1;0;0
787;52;26;1;2;0;1;0;0
788;52;26;1;NA;3;0;0;0
789;52;26;1;7;0;1;0;0
790;52;26;1;1;0;1;0;0
791;52;26;1;7;7;0;0;0
792;52;26;1;NA;3;0;0;0
793;52;26;1;3;0;1;0;0
794;52;26;1;NA;3;0;0;0
795;52;26;1;7;3;0;0;0
796;52;26;1;NA;0;1;0;0
797;52;26;1;6;3;0;0;0
798;52;26;1;3;0;1;0;0
799;52;26;1;2;2;0;0;0
800;52;26;1;3;3;0;0;0
801;52;26;1;7;7;0;0;0
802;53;27;0;NA;3;0;0;0
803;53;27;0;NA;7;0;0;0
804;53;27;0;NA;5;0;0;0
805;53;27;0;2;2;0;0;0
806;53;27;0;2;2;0;0;0
807;53;27;0;7;7;0;0;0
808;53;27;0;7;7;0;0;0
809;53;27;0;7;7;0;0;0
810;53;27;0;NA;0;1;0;0
811;53;27;0;3;3;0;0;0
812;53;27;0;NA;5;0;0;0
813;53;27;0;NA;7;0;0;0
814;53;27;0;NA;7;0;0;0
815;53;27;0;NA;7;0;0;0
816;53;27;0;6;3;0;0;0
817;53;27;0;2;0;1;0;0
818;53;27;0;4;0;1;0;0
819;53;27;0;NA;2;0;0;0
820;53;27;0;2;0;1;0;0
821;53;27;0;3;3;0;0;0
822;54;28;0;3;5;0;0;0
823;54;28;0;1;0;1;0;0
824;54;28;0;2;2;0;0;0
825;54;28;0;7;6;0;0;0
826;54;28;0;5;4;0;0;0
827;54;28;0;0;0;1;0;0
828;54;28;0;NA;3;0;0;0
829;54;28;0;5;7;0;0;0
830;54;28;0;NA;7;0;0;0
831;54;28;0;7;7;0;0;0
832;54;28;0;4;3;0;0;0
833;54;28;0;5;3;0;0;0
834;54;28;0;5;7;0;0;0
835;54;28;0;6;7;0;0;0
836;54;28;0;4;2;0;0;0
837;54;28;0;5;2;0;0;0
838;54;28;0;0;0;1;0;0
839;54;28;0;NA;2;0;0;0
840;54;28;0;NA;3;0;0;0
841;54;28;0;NA;3;0;0;0
842;54;28;0;2;2;0;0;0
843;54;28;0;2;4;0;0;0
844;55;21;0;7;7;0;0;0
845;55;21;0;NA;7;0;0;0
846;55;21;0;7;1;0;0;0
847;55;21;0;7;4;0;0;0
848;55;21;0;NA;7;0;0;0
849;55;21;0;NA;4;0;0;0
850;55;21;0;3;4;0;0;0
851;55;21;0;3;3;0;0;0
852;55;21;0;7;7;0;0;0
853;55;21;0;3;3;0;0;0
854;55;21;0;6;7;0;0;0
855;55;21;0;4;3;0;0;0
856;55;21;0;4;7;0;0;0
857;55;21;0;4;7;0;0;0
858;55;21;0;6;6;0;0;0
859;55;21;0;3;4;0;0;0
860;55;21;0;7;6;0;0;0
861;55;21;0;6;0;1;0;0
862;55;21;0;7;7;0;0;0
863;55;21;0;3;7;0;0;0
864;55;21;0;NA;2;0;0;0
865;55;21;0;NA;3;0;0;0
866;55;21;0;NA;7;0;0;0
867;55;21;0;5;7;0;0;0
868;55;21;0;1;2;0;0;0
869;55;21;0;0;0;1;0;0
870;56;14;1;2;2;0;0;0
871;56;14;1;3;5;0;0;0
872;56;14;1;4;2;0;0;0
873;56;14;1;1;0;1;0;0
874;56;14;1;6;7;0;0;0
875;56;14;1;NA;3;0;0;0
876;56;14;1;3;4;0;0;0
877;56;14;1;5;5;0;0;0
878;56;14;1;7;7;0;0;0
879;56;14;1;7;6;0;0;0
880;56;14;1;3;3;0;0;0
881;56;14;1;NA;3;0;0;0
882;56;14;1;3;3;0;0;0
883;56;14;1;7;7;0;0;0
884;56;14;1;NA;6;0;0;0
885;56;14;1;NA;3;0;0;0
886;56;14;1;7;7;0;0;0
887;56;14;1;NA;3;0;0;0
888;56;14;1;NA;4;0;0;0
889;56;14;1;4;3;0;0;0
890;56;14;1;3;3;0;0;0
891;56;14;1;4;7;0;0;0
892;56;14;1;NA;0;1;0;0
893;56;14;1;6;0;1;0;0
894;56;14;1;NA;7;0;0;0
895;56;14;1;7;7;0;0;0
896;57;16;0;3;3;0;0;0
897;57;16;0;7;7;0;0;0
898;57;16;0;NA;3;0;0;0
899;57;16;0;1;0;1;0;0
900;57;16;0;7;7;0;0;0
901;57;16;0;3;3;0;0;0
902;57;16;0;7;7;0;0;0
903;57;16;0;2;3;0;0;0
904;57;16;0;7;7;0;0;0
905;57;16;0;7;2;0;0;0
906;57;16;0;5;0;1;0;0
907;57;16;0;7;7;0;0;0
908;57;16;0;7;7;0;0;0
909;57;16;0;7;7;0;0;0
910;57;16;0;7;7;0;0;0
911;57;16;0;2;0;1;0;0
912;57;16;0;3;0;1;0;0
913;57;16;0;3;2;0;0;0
914;57;16;0;NA;3;0;0;0
915;58;17;1;3;3;0;0;0
916;58;17;1;7;7;0;0;0
917;58;17;1;7;7;0;0;0
918;58;17;1;NA;7;0;0;0
919;58;17;1;3;2;0;0;0
920;58;17;1;2;0;1;0;0
921;58;17;1;7;6;0;0;0
922;58;17;1;7;3;0;0;0
923;58;17;1;2;3;0;0;0
924;58;17;1;NA;3;0;0;0
925;58;17;1;7;0;1;0;0
926;58;17;1;7;7;0;0;0
927;58;17;1;6;5;0;0;0
928;58;17;1;NA;6;0;0;0
929;59;14;0;7;3;0;0;0
930;59;14;0;NA;7;0;0;0
931;59;14;0;NA;0;1;0;0
932;59;14;0;5;4;0;0;0
933;59;14;0;3;4;0;0;0
934;59;14;0;4;7;0;0;0
935;59;14;0;7;0;1;0;0
936;59;14;0;3;3;0;0;0
937;59;14;0;2;0;1;0;0
938;59;14;0;4;3;0;0;0
939;59;14;0;7;3;0;0;0
940;59;14;0;0;3;0;0;0
941;59;14;0;NA;7;0;0;0
942;59;14;0;NA;3;0;0;0
943;59;14;0;3;3;0;0;0
944;59;14;0;2;2;0;0;0
945;59;14;0;NA;3;0;0;0
946;59;14;0;NA;2;0;0;0
947;59;14;0;NA;7;0;0;0
948;60;34;0;7;7;0;0;0
949;60;34;0;3;4;0;0;0
950;60;34;0;7;7;0;0;0
951;60;34;0;NA;3;0;0;0
952;60;34;0;NA;3;0;0;0
953;60;34;0;NA;7;0;0;0
954;61;24;0;2;2;0;0;0
955;61;24;0;4;3;0;0;0
956;61;24;0;2;3;0;0;0
957;61;24;0;5;2;0;0;0
958;61;24;0;2;2;0;0;0
959;61;24;0;6;7;0;0;0
960;61;24;0;NA;7;0;0;0
961;61;24;0;NA;7;0;0;0
962;61;24;0;7;7;0;0;0
963;61;24;0;NA;3;0;0;0
964;61;24;0;3;3;0;0;0
965;61;24;0;3;3;0;0;0
966;61;24;0;7;7;0;0;0
967;61;24;0;2;2;0;0;0
968;61;24;0;1;2;0;0;0
969;61;24;0;NA;0;1;0;0
970;61;24;0;NA;7;0;0;0
971;61;24;0;2;0;1;0;0
972;61;24;0;7;7;0;0;0
973;62;32;0;NA;7;0;0;0
974;62;32;0;NA;7;0;0;0
975;62;32;0;7;2;0;0;0
976;62;32;0;7;4;0;0;0
977;62;32;0;6;7;0;0;0
978;62;32;0;NA;2;0;0;0
979;62;32;0;6;7;0;0;0
980;62;32;0;NA;7;0;0;0
981;62;32;0;NA;4;0;0;0
982;62;32;0;5;0;1;0;0
983;62;32;0;5;7;0;0;0
984;62;32;0;6;0;1;0;0
985;62;32;0;NA;3;0;0;0
986;62;32;0;NA;7;0;0;0
987;62;32;0;NA;2;0;0;0
988;62;32;0;5;3;0;0;0
989;62;32;0;7;3;0;0;0
990;62;32;0;NA;3;0;0;0
991;62;32;0;4;2;0;0;0
992;63;26;0;NA;4;0;0;0
993;63;26;0;NA;3;0;0;0
994;63;26;0;NA;7;0;0;0
995;63;26;0;3;7;0;0;0
996;63;26;0;7;7;0;0;0
997;63;26;0;NA;0;1;0;0
998;63;26;0;3;2;0;0;0
999;63;26;0;7;7;0;0;0
1000;63;26;0;NA;6;0;0;0
1001;63;26;0;4;0;1;0;0
1002;63;26;0;2;3;0;0;0
1003;63;26;0;7;3;0;0;0
1004;63;26;0;7;7;0;0;0
1005;63;26;0;1;3;0;0;0
1006;63;26;0;3;3;0;0;0
1007;63;26;0;7;7;0;0;0
1008;63;26;0;7;7;0;0;0
1009;63;26;0;1;0;1;0;0
1010;63;26;0;3;3;0;0;0
1011;64;25;0;7;7;0;0;0
1012;64;25;0;2;3;0;0;0
1013;64;25;0;4;0;1;0;0
1014;64;25;0;5;2;0;0;0
1015;64;25;0;NA;7;0;0;0
1016;64;25;0;NA;7;0;0;0
1017;64;25;0;7;7;0;0;0
1018;64;25;0;4;2;0;0;0
1019;64;25;0;NA;0;1;0;0
1020;64;25;0;7;3;0;0;0
1021;64;25;0;7;7;0;0;0
1022;64;25;0;NA;4;0;0;0
1023;64;25;0;NA;3;0;0;0
1024;64;25;0;2;1;0;0;0
1025;64;25;0;NA;0;1;0;0
1026;64;25;0;7;3;0;0;0
1027;64;25;0;NA;0;1;0;0
1028;64;25;0;3;6;0;0;0
1029;65;20;0;2;7;0;0;0
1030;65;20;0;NA;7;0;0;0
1031;65;20;0;7;0;1;0;0
1032;65;20;0;7;7;0;0;0
1033;65;20;0;3;3;0;0;0
1034;65;20;0;5;7;0;0;0
1035;65;20;0;7;7;0;0;0
1036;65;20;0;7;6;0;0;0
1037;65;20;0;NA;1;0;0;0
1038;65;20;0;NA;3;0;0;0
1039;67;33;1;NA;2;0;0;0
1040;67;33;1;2;2;0;0;0
1041;67;33;1;7;7;0;0;0
1042;67;33;1;1;2;0;0;0
1043;67;33;1;NA;2;0;0;0
1044;67;33;1;NA;0;1;0;0
1045;67;33;1;6;7;0;0;0
1046;67;33;1;NA;0;1;0;0
1047;67;33;1;2;2;0;0;0
1048;67;33;1;4;3;0;0;0
1049;67;33;1;NA;3;0;0;0
1050;67;33;1;7;7;0;0;0
1051;67;33;1;7;6;0;0;0
1052;67;33;1;2;0;1;0;0
1053;67;33;1;4;2;0;0;0
1054;67;33;1;NA;4;0;0;0
1055;67;33;1;3;0;1;0;0
1056;67;33;1;NA;2;0;0;0
1057;67;33;1;4;4;0;0;0
1058;69;16;1;2;3;0;0;0
1059;69;16;1;6;4;0;0;0
1060;69;16;1;5;2;0;0;0
1061;69;16;1;NA;0;1;0;0
1062;69;16;1;NA;0;1;0;0
1063;69;16;1;NA;7;0;0;0
1064;69;16;1;7;7;0;0;0
1065;69;16;1;7;7;0;0;0
1066;69;16;1;2;0;1;0;0
1067;69;16;1;7;7;0;0;0
1068;69;16;1;5;7;0;0;0
1069;69;16;1;3;2;0;0;0
1070;69;16;1;6;7;0;0;0
1071;69;16;1;NA;0;1;0;0
1072;69;16;1;7;7;0;0;0
1073;69;16;1;3;6;0;0;0
1074;69;16;1;7;6;0;0;0
1075;69;16;1;7;7;0;0;0
1076;69;16;1;NA;3;0;0;0
1077;69;16;1;7;7;0;0;0
1078;69;16;1;3;2;0;0;0
1079;69;16;1;5;7;0;0;0
1080;71;33;1;7;3;0;0;0
1081;71;33;1;NA;3;0;0;0
1082;71;33;1;3;3;0;0;0
1083;71;33;1;2;0;1;0;0
1084;71;33;1;3;7;0;0;0
1085;71;33;1;5;3;0;0;0
1086;71;33;1;4;7;0;0;0
1087;71;33;1;3;3;0;0;0
1088;71;33;1;4;4;0;0;0
1089;71;33;1;7;0;1;0;0
1090;71;33;1;7;2;0;0;0
1091;71;33;1;4;3;0;0;0
1092;71;33;1;3;0;1;0;0
1093;71;33;1;5;4;0;0;0
1094;71;33;1;2;2;0;0;0
1095;71;33;1;2;2;0;0;0
1096;71;33;1;7;2;0;0;0
1097;71;33;1;5;7;0;0;0
1098;71;33;1;0;4;0;0;0
1099;71;33;1;4;2;0;0;0
1100;71;33;1;NA;0;1;0;0
1101;71;33;1;3;0;1;0;0
1102;72;20;1;7;4;0;0;0
1103;72;20;1;7;2;0;0;0
1104;72;20;1;NA;7;0;0;0
1105;72;20;1;7;4;0;0;0
1106;72;20;1;3;5;0;0;0
1107;72;20;1;7;7;0;0;0
1108;72;20;1;1;0;1;0;0
1109;72;20;1;7;6;0;0;0
1110;72;20;1;1;3;0;0;0
1111;72;20;1;2;1;0;0;0
1112;73;22;0;NA;7;0;0;0
1113;73;22;0;7;0;1;0;0
1114;73;22;0;7;7;0;0;0
1115;73;22;0;3;2;0;0;0
1116;73;22;0;7;7;0;0;0
1117;73;22;0;4;4;0;0;0
1118;73;22;0;NA;3;0;0;0
1119;73;22;0;3;4;0;0;0
1120;73;22;0;1;3;0;0;0
1121;73;22;0;3;3;0;0;0
1122;73;22;0;NA;7;0;0;0
1123;1;1;1;2;4;0;1;0
1124;1;1;1;2;4;0;0;1
1125;1;1;1;1;0;1;1;0
1126;1;1;1;3;0;1;0;1
1127;1;1;1;5;2;0;1;0
1128;1;1;1;5;2;0;0;1
1129;1;1;1;5;3;0;1;0
1130;1;1;1;NA;3;0;0;1
1131;1;1;1;NA;7;0;1;0
1132;1;1;1;7;7;0;0;1
1133;1;1;1;NA;7;0;1;0
1134;1;1;1;NA;7;0;0;1
1135;1;1;1;6;3;0;1;0
1136;1;1;1;7;3;0;0;1
1137;1;1;1;4;7;0;1;0
1138;1;1;1;6;7;0;0;1
1139;1;1;1;3;3;0;1;0
1140;1;1;1;NA;3;0;0;1
1141;1;1;1;3;2;0;1;0
1142;1;1;1;NA;2;0;0;1
1143;1;1;1;NA;7;0;1;0
1144;1;1;1;NA;7;0;0;1
1145;1;1;1;NA;3;0;1;0
1146;1;1;1;3;3;0;0;1
1147;1;1;1;2;7;0;1;0
1148;1;1;1;2;7;0;0;1
1149;1;1;1;4;3;0;1;0
1150;1;1;1;2;3;0;0;1
1151;1;1;1;1;4;0;1;0
1152;1;1;1;2;4;0;0;1
1153;1;1;1;NA;7;0;1;0
1154;1;1;1;NA;7;0;0;1
1155;1;1;1;NA;7;0;1;0
1156;1;1;1;2;7;0;0;1
1157;1;1;1;NA;7;0;1;0
1158;1;1;1;NA;7;0;0;1
1159;2;2;1;0;3;0;1;0
1160;2;2;1;4;3;0;0;1
1161;2;2;1;1;2;0;1;0
1162;2;2;1;NA;2;0;0;1
1163;2;2;1;5;7;0;1;0
1164;2;2;1;7;7;0;0;1
1165;2;2;1;2;2;0;1;0
1166;2;2;1;2;2;0;0;1
1167;2;2;1;7;7;0;1;0
1168;2;2;1;2;7;0;0;1
1169;2;2;1;0;4;0;1;0
1170;2;2;1;NA;4;0;0;1
1171;2;2;1;0;7;0;1;0
1172;2;2;1;NA;7;0;0;1
1173;2;2;1;1;0;1;1;0
1174;2;2;1;1;0;1;0;1
1175;2;2;1;5;4;0;1;0
1176;2;2;1;NA;4;0;0;1
1177;2;2;1;2;0;1;1;0
1178;2;2;1;1;0;1;0;1
1179;2;2;1;3;5;0;1;0
1180;2;2;1;7;5;0;0;1
1181;2;2;1;7;5;0;1;0
1182;2;2;1;7;5;0;0;1
1183;2;2;1;NA;3;0;1;0
1184;2;2;1;7;3;0;0;1
1185;2;2;1;4;7;0;1;0
1186;2;2;1;3;7;0;0;1
1187;2;2;1;NA;4;0;1;0
1188;2;2;1;NA;4;0;0;1
1189;2;2;1;NA;7;0;1;0
1190;2;2;1;4;7;0;0;1
1191;2;2;1;4;7;0;1;0
1192;2;2;1;NA;7;0;0;1
1193;2;2;1;4;2;0;1;0
1194;2;2;1;2;2;0;0;1
1195;2;2;1;NA;0;1;1;0
1196;2;2;1;NA;0;1;0;1
1197;2;2;1;4;7;0;1;0
1198;2;2;1;7;7;0;0;1
1199;3;2;0;7;7;0;1;0
1200;3;2;0;NA;7;0;0;1
1201;3;2;0;5;2;0;1;0
1202;3;2;0;NA;2;0;0;1
1203;3;2;0;7;7;0;1;0
1204;3;2;0;NA;7;0;0;1
1205;3;2;0;2;0;1;1;0
1206;3;2;0;3;0;1;0;1
1207;3;2;0;NA;3;0;1;0
1208;3;2;0;5;3;0;0;1
1209;3;2;0;NA;7;0;1;0
1210;3;2;0;NA;7;0;0;1
1211;3;2;0;7;6;0;1;0
1212;3;2;0;NA;6;0;0;1
1213;3;2;0;5;4;0;1;0
1214;3;2;0;5;4;0;0;1
1215;3;2;0;4;7;0;1;0
1216;3;2;0;NA;7;0;0;1
1217;3;2;0;NA;7;0;1;0
1218;3;2;0;NA;7;0;0;1
1219;3;2;0;NA;7;0;1;0
1220;3;2;0;NA;7;0;0;1
1221;3;2;0;NA;7;0;1;0
1222;3;2;0;NA;7;0;0;1
1223;3;2;0;7;7;0;1;0
1224;3;2;0;7;7;0;0;1
1225;3;2;0;3;4;0;1;0
1226;3;2;0;2;4;0;0;1
1227;3;2;0;7;7;0;1;0
1228;3;2;0;NA;7;0;0;1
1229;3;2;0;NA;4;0;1;0
1230;3;2;0;NA;4;0;0;1
1231;3;2;0;6;7;0;1;0
1232;3;2;0;NA;7;0;0;1
1233;3;2;0;NA;7;0;1;0
1234;3;2;0;NA;7;0;0;1
1235;3;2;0;3;7;0;1;0
1236;3;2;0;7;7;0;0;1
1237;3;2;0;7;7;0;1;0
1238;3;2;0;7;7;0;0;1
1239;3;2;0;5;2;0;1;0
1240;3;2;0;7;2;0;0;1
1241;3;2;0;7;2;0;1;0
1242;3;2;0;3;2;0;0;1
1243;4;3;0;3;4;0;1;0
1244;4;3;0;NA;4;0;0;1
1245;4;3;0;3;7;0;1;0
1246;4;3;0;NA;7;0;0;1
1247;4;3;0;7;7;0;1;0
1248;4;3;0;6;7;0;0;1
1249;4;3;0;NA;7;0;1;0
1250;4;3;0;NA;7;0;0;1
1251;4;3;0;2;2;0;1;0
1252;4;3;0;2;2;0;0;1
1253;4;3;0;3;4;0;1;0
1254;4;3;0;NA;4;0;0;1
1255;4;3;0;2;3;0;1;0
1256;4;3;0;2;3;0;0;1
1257;4;3;0;3;3;0;1;0
1258;4;3;0;7;3;0;0;1
1259;4;3;0;NA;4;0;1;0
1260;4;3;0;4;4;0;0;1
1261;4;3;0;7;7;0;1;0
1262;4;3;0;NA;7;0;0;1
1263;4;3;0;NA;5;0;1;0
1264;4;3;0;NA;5;0;0;1
1265;4;3;0;NA;7;0;1;0
1266;4;3;0;7;7;0;0;1
1267;4;3;0;7;7;0;1;0
1268;4;3;0;7;7;0;0;1
1269;4;3;0;NA;7;0;1;0
1270;4;3;0;NA;7;0;0;1
1271;4;3;0;1;0;1;1;0
1272;4;3;0;NA;0;1;0;1
1273;4;3;0;7;7;0;1;0
1274;4;3;0;7;7;0;0;1
1275;4;3;0;NA;3;0;1;0
1276;4;3;0;3;3;0;0;1
1277;4;3;0;NA;7;0;1;0
1278;4;3;0;NA;7;0;0;1
1279;4;3;0;7;7;0;1;0
1280;4;3;0;3;7;0;0;1
1281;4;3;0;7;3;0;1;0
1282;4;3;0;5;3;0;0;1
1283;5;11;0;4;2;0;1;0
1284;5;11;0;NA;2;0;0;1
1285;5;11;0;3;7;0;1;0
1286;5;11;0;3;7;0;0;1
1287;5;11;0;5;2;0;1;0
1288;5;11;0;4;2;0;0;1
1289;5;11;0;2;2;0;1;0
1290;5;11;0;NA;2;0;0;1
1291;5;11;0;7;7;0;1;0
1292;5;11;0;7;7;0;0;1
1293;5;11;0;4;5;0;1;0
1294;5;11;0;0;5;0;0;1
1295;5;11;0;5;4;0;1;0
1296;5;11;0;3;4;0;0;1
1297;5;11;0;3;2;0;1;0
1298;5;11;0;7;2;0;0;1
1299;5;11;0;4;0;1;1;0
1300;5;11;0;NA;0;1;0;1
1301;5;11;0;1;0;1;1;0
1302;5;11;0;NA;0;1;0;1
1303;5;11;0;7;7;0;1;0
1304;5;11;0;NA;7;0;0;1
1305;5;11;0;4;7;0;1;0
1306;5;11;0;4;7;0;0;1
1307;5;11;0;7;7;0;1;0
1308;5;11;0;7;7;0;0;1
1309;5;11;0;NA;3;0;1;0
1310;5;11;0;NA;3;0;0;1
1311;5;11;0;7;3;0;1;0
1312;5;11;0;7;3;0;0;1
1313;5;11;0;5;0;1;1;0
1314;5;11;0;7;0;1;0;1
1315;5;11;0;4;6;0;1;0
1316;5;11;0;4;6;0;0;1
1317;5;11;0;4;6;0;1;0
1318;5;11;0;3;6;0;0;1
1319;5;11;0;NA;7;0;1;0
1320;5;11;0;NA;7;0;0;1
1321;6;7;0;7;2;0;1;0
1322;6;7;0;7;2;0;0;1
1323;6;7;0;NA;7;0;1;0
1324;6;7;0;7;7;0;0;1
1325;6;7;0;2;6;0;1;0
1326;6;7;0;3;6;0;0;1
1327;6;7;0;NA;3;0;1;0
1328;6;7;0;1;3;0;0;1
1329;6;7;0;5;4;0;1;0
1330;6;7;0;4;4;0;0;1
1331;6;7;0;7;7;0;1;0
1332;6;7;0;7;7;0;0;1
1333;6;7;0;3;7;0;1;0
1334;6;7;0;1;7;0;0;1
1335;6;7;0;2;0;1;1;0
1336;6;7;0;2;0;1;0;1
1337;6;7;0;4;7;0;1;0
1338;6;7;0;NA;7;0;0;1
1339;6;7;0;7;7;0;1;0
1340;6;7;0;5;7;0;0;1
1341;6;7;0;4;3;0;1;0
1342;6;7;0;NA;3;0;0;1
1343;6;7;0;4;3;0;1;0
1344;6;7;0;2;3;0;0;1
1345;6;7;0;7;7;0;1;0
1346;6;7;0;6;7;0;0;1
1347;6;7;0;NA;7;0;1;0
1348;6;7;0;6;7;0;0;1
1349;6;7;0;5;7;0;1;0
1350;6;7;0;3;7;0;0;1
1351;6;7;0;4;7;0;1;0
1352;6;7;0;3;7;0;0;1
1353;6;7;0;NA;3;0;1;0
1354;6;7;0;NA;3;0;0;1
1355;6;7;0;3;7;0;1;0
1356;6;7;0;NA;7;0;0;1
1357;6;7;0;7;7;0;1;0
1358;6;7;0;1;7;0;0;1
1359;6;7;0;2;3;0;1;0
1360;6;7;0;5;3;0;0;1
1361;6;7;0;7;7;0;1;0
1362;6;7;0;7;7;0;0;1
1363;6;7;0;3;3;0;1;0
1364;6;7;0;4;3;0;0;1
1365;6;7;0;NA;0;1;1;0
1366;6;7;0;NA;0;1;0;1
1367;6;7;0;2;2;0;1;0
1368;6;7;0;2;2;0;0;1
1369;6;7;0;NA;0;1;1;0
1370;6;7;0;3;0;1;0;1
1371;6;7;0;NA;0;1;1;0
1372;6;7;0;1;0;1;0;1
1373;6;7;0;7;7;0;1;0
1374;6;7;0;NA;7;0;0;1
1375;6;7;0;2;0;1;1;0
1376;6;7;0;2;0;1;0;1
1377;6;7;0;4;3;0;1;0
1378;6;7;0;3;3;0;0;1
1379;6;7;0;3;4;0;1;0
1380;6;7;0;NA;4;0;0;1
1381;6;7;0;7;7;0;1;0
1382;6;7;0;7;7;0;0;1
1383;7;7;1;7;4;0;1;0
1384;7;7;1;5;4;0;0;1
1385;7;7;1;7;7;0;1;0
1386;7;7;1;7;7;0;0;1
1387;7;7;1;NA;3;0;1;0
1388;7;7;1;NA;3;0;0;1
1389;7;7;1;0;7;0;1;0
1390;7;7;1;NA;7;0;0;1
1391;7;7;1;3;7;0;1;0
1392;7;7;1;NA;7;0;0;1
1393;7;7;1;2;3;0;1;0
1394;7;7;1;4;3;0;0;1
1395;7;7;1;NA;7;0;1;0
1396;7;7;1;7;7;0;0;1
1397;7;7;1;7;7;0;1;0
1398;7;7;1;NA;7;0;0;1
1399;7;7;1;NA;0;1;1;0
1400;7;7;1;NA;0;1;0;1
1401;7;7;1;7;7;0;1;0
1402;7;7;1;NA;7;0;0;1
1403;7;7;1;6;7;0;1;0
1404;7;7;1;NA;7;0;0;1
1405;7;7;1;7;3;0;1;0
1406;7;7;1;7;3;0;0;1
1407;7;7;1;7;6;0;1;0
1408;7;7;1;6;6;0;0;1
1409;7;7;1;4;4;0;1;0
1410;7;7;1;3;4;0;0;1
1411;7;7;1;6;7;0;1;0
1412;7;7;1;5;7;0;0;1
1413;8;8;1;4;3;0;1;0
1414;8;8;1;4;3;0;0;1
1415;8;8;1;0;2;0;1;0
1416;8;8;1;NA;2;0;0;1
1417;8;8;1;NA;0;1;1;0
1418;8;8;1;0;0;1;0;1
1419;8;8;1;5;4;0;1;0
1420;8;8;1;0;4;0;0;1
1421;8;8;1;7;3;0;1;0
1422;8;8;1;1;3;0;0;1
1423;8;8;1;3;1;0;1;0
1424;8;8;1;2;1;0;0;1
1425;8;8;1;2;0;1;1;0
1426;8;8;1;2;0;1;0;1
1427;8;8;1;6;7;0;1;0
1428;8;8;1;7;7;0;0;1
1429;8;8;1;6;7;0;1;0
1430;8;8;1;NA;7;0;0;1
1431;8;8;1;NA;2;0;1;0
1432;8;8;1;7;2;0;0;1
1433;8;8;1;7;7;0;1;0
1434;8;8;1;7;7;0;0;1
1435;8;8;1;NA;7;0;1;0
1436;8;8;1;7;7;0;0;1
1437;8;8;1;7;7;0;1;0
1438;8;8;1;NA;7;0;0;1
1439;8;8;1;NA;0;1;1;0
1440;8;8;1;NA;0;1;0;1
1441;8;8;1;5;3;0;1;0
1442;8;8;1;NA;3;0;0;1
1443;8;8;1;0;0;1;1;0
1444;8;8;1;0;0;1;0;1
1445;8;8;1;7;3;0;1;0
1446;8;8;1;7;3;0;0;1
1447;9;10;0;7;3;0;1;0
1448;9;10;0;3;3;0;0;1
1449;9;10;0;3;3;0;1;0
1450;9;10;0;2;3;0;0;1
1451;9;10;0;3;3;0;1;0
1452;9;10;0;5;3;0;0;1
1453;9;10;0;4;7;0;1;0
1454;9;10;0;2;7;0;0;1
1455;9;10;0;2;6;0;1;0
1456;9;10;0;7;6;0;0;1
1457;9;10;0;4;2;0;1;0
1458;9;10;0;NA;2;0;0;1
1459;9;10;0;7;6;0;1;0
1460;9;10;0;7;6;0;0;1
1461;9;10;0;7;7;0;1;0
1462;9;10;0;7;7;0;0;1
1463;9;10;0;NA;7;0;1;0
1464;9;10;0;7;7;0;0;1
1465;9;10;0;7;3;0;1;0
1466;9;10;0;7;3;0;0;1
1467;9;10;0;4;7;0;1;0
1468;9;10;0;3;7;0;0;1
1469;9;10;0;NA;0;1;1;0
1470;9;10;0;NA;0;1;0;1
1471;9;10;0;NA;7;0;1;0
1472;9;10;0;3;7;0;0;1
1473;9;10;0;6;3;0;1;0
1474;9;10;0;5;3;0;0;1
1475;9;10;0;NA;7;0;1;0
1476;9;10;0;NA;7;0;0;1
1477;9;10;0;7;7;0;1;0
1478;9;10;0;7;7;0;0;1
1479;9;10;0;7;7;0;1;0
1480;9;10;0;3;7;0;0;1
1481;9;10;0;7;3;0;1;0
1482;9;10;0;1;3;0;0;1
1483;9;10;0;NA;5;0;1;0
1484;9;10;0;NA;5;0;0;1
1485;9;10;0;NA;7;0;1;0
1486;9;10;0;NA;7;0;0;1
1487;9;10;0;7;2;0;1;0
1488;9;10;0;NA;2;0;0;1
1489;11;8;0;NA;7;0;1;0
1490;11;8;0;2;7;0;0;1
1491;11;8;0;NA;3;0;1;0
1492;11;8;0;NA;3;0;0;1
1493;11;8;0;5;0;1;1;0
1494;11;8;0;3;0;1;0;1
1495;11;8;0;7;3;0;1;0
1496;11;8;0;0;3;0;0;1
1497;11;8;0;NA;3;0;1;0
1498;11;8;0;NA;3;0;0;1
1499;11;8;0;7;6;0;1;0
1500;11;8;0;NA;6;0;0;1
1501;11;8;0;7;3;0;1;0
1502;11;8;0;NA;3;0;0;1
1503;11;8;0;4;3;0;1;0
1504;11;8;0;NA;3;0;0;1
1505;11;8;0;NA;3;0;1;0
1506;11;8;0;NA;3;0;0;1
1507;11;8;0;7;7;0;1;0
1508;11;8;0;7;7;0;0;1
1509;11;8;0;7;7;0;1;0
1510;11;8;0;5;7;0;0;1
1511;11;8;0;NA;2;0;1;0
1512;11;8;0;NA;2;0;0;1
1513;11;8;0;3;2;0;1;0
1514;11;8;0;2;2;0;0;1
1515;11;8;0;7;7;0;1;0
1516;11;8;0;7;7;0;0;1
1517;11;8;0;7;3;0;1;0
1518;11;8;0;4;3;0;0;1
1519;11;8;0;NA;3;0;1;0
1520;11;8;0;NA;3;0;0;1
1521;11;8;0;7;7;0;1;0
1522;11;8;0;5;7;0;0;1
1523;12;4;1;NA;7;0;1;0
1524;12;4;1;NA;7;0;0;1
1525;12;4;1;7;7;0;1;0
1526;12;4;1;7;7;0;0;1
1527;12;4;1;NA;2;0;1;0
1528;12;4;1;NA;2;0;0;1
1529;12;4;1;7;7;0;1;0
1530;12;4;1;NA;7;0;0;1
1531;12;4;1;NA;6;0;1;0
1532;12;4;1;NA;6;0;0;1
1533;12;4;1;NA;7;0;1;0
1534;12;4;1;7;7;0;0;1
1535;12;4;1;4;4;0;1;0
1536;12;4;1;1;4;0;0;1
1537;12;4;1;4;4;0;1;0
1538;12;4;1;NA;4;0;0;1
1539;12;4;1;7;7;0;1;0
1540;12;4;1;7;7;0;0;1
1541;12;4;1;7;7;0;1;0
1542;12;4;1;NA;7;0;0;1
1543;12;4;1;2;7;0;1;0
1544;12;4;1;2;7;0;0;1
1545;12;4;1;7;7;0;1;0
1546;12;4;1;NA;7;0;0;1
1547;13;11;1;0;2;0;1;0
1548;13;11;1;4;2;0;0;1
1549;13;11;1;5;3;0;1;0
1550;13;11;1;NA;3;0;0;1
1551;13;11;1;NA;0;1;1;0
1552;13;11;1;0;0;1;0;1
1553;13;11;1;0;0;1;1;0
1554;13;11;1;0;0;1;0;1
1555;13;11;1;7;0;1;1;0
1556;13;11;1;0;0;1;0;1
1557;13;11;1;7;7;0;1;0
1558;13;11;1;NA;7;0;0;1
1559;13;11;1;4;4;0;1;0
1560;13;11;1;5;4;0;0;1
1561;13;11;1;NA;3;0;1;0
1562;13;11;1;4;3;0;0;1
1563;13;11;1;7;2;0;1;0
1564;13;11;1;2;2;0;0;1
1565;13;11;1;7;3;0;1;0
1566;13;11;1;3;3;0;0;1
1567;13;11;1;7;7;0;1;0
1568;13;11;1;7;7;0;0;1
1569;13;11;1;7;6;0;1;0
1570;13;11;1;3;6;0;0;1
1571;13;11;1;5;6;0;1;0
1572;13;11;1;5;6;0;0;1
1573;13;11;1;NA;7;0;1;0
1574;13;11;1;NA;7;0;0;1
1575;13;11;1;7;3;0;1;0
1576;13;11;1;7;3;0;0;1
1577;13;11;1;NA;7;0;1;0
1578;13;11;1;7;7;0;0;1
1579;13;11;1;6;4;0;1;0
1580;13;11;1;7;4;0;0;1
1581;13;11;1;3;3;0;1;0
1582;13;11;1;NA;3;0;0;1
1583;13;11;1;5;7;0;1;0
1584;13;11;1;7;7;0;0;1
1585;13;11;1;7;2;0;1;0
1586;13;11;1;7;2;0;0;1
1587;13;11;1;7;7;0;1;0
1588;13;11;1;7;7;0;0;1
1589;13;11;1;7;7;0;1;0
1590;13;11;1;7;7;0;0;1
1591;13;11;1;7;7;0;1;0
1592;13;11;1;7;7;0;0;1
1593;13;11;1;4;7;0;1;0
1594;13;11;1;NA;7;0;0;1
1595;15;10;1;1;0;1;1;0
1596;15;10;1;1;0;1;0;1
1597;15;10;1;4;4;0;1;0
1598;15;10;1;4;4;0;0;1
1599;15;10;1;0;2;0;1;0
1600;15;10;1;NA;2;0;0;1
1601;15;10;1;3;2;0;1;0
1602;15;10;1;3;2;0;0;1
1603;15;10;1;7;3;0;1;0
1604;15;10;1;3;3;0;0;1
1605;15;10;1;3;5;0;1;0
1606;15;10;1;3;5;0;0;1
1607;15;10;1;NA;7;0;1;0
1608;15;10;1;NA;7;0;0;1
1609;15;10;1;0;0;1;1;0
1610;15;10;1;0;0;1;0;1
1611;15;10;1;7;7;0;1;0
1612;15;10;1;7;7;0;0;1
1613;15;10;1;1;0;1;1;0
1614;15;10;1;1;0;1;0;1
1615;15;10;1;NA;5;0;1;0
1616;15;10;1;3;5;0;0;1
1617;15;10;1;NA;5;0;1;0
1618;15;10;1;NA;5;0;0;1
1619;15;10;1;NA;4;0;1;0
1620;15;10;1;NA;4;0;0;1
1621;15;10;1;2;2;0;1;0
1622;15;10;1;2;2;0;0;1
1623;15;10;1;0;6;0;1;0
1624;15;10;1;NA;6;0;0;1
1625;15;10;1;NA;6;0;1;0
1626;15;10;1;NA;6;0;0;1
1627;15;10;1;NA;2;0;1;0
1628;15;10;1;5;2;0;0;1
1629;15;10;1;NA;2;0;1;0
1630;15;10;1;5;2;0;0;1
1631;15;10;1;0;0;1;1;0
1632;15;10;1;NA;0;1;0;1
1633;15;10;1;0;7;0;1;0
1634;15;10;1;4;7;0;0;1
1635;15;10;1;3;3;0;1;0
1636;15;10;1;4;3;0;0;1
1637;15;10;1;3;3;0;1;0
1638;15;10;1;5;3;0;0;1
1639;15;10;1;2;2;0;1;0
1640;15;10;1;5;2;0;0;1
1641;15;10;1;5;3;0;1;0
1642;15;10;1;NA;3;0;0;1
1643;15;10;1;2;3;0;1;0
1644;15;10;1;3;3;0;0;1
1645;15;10;1;NA;3;0;1;0
1646;15;10;1;4;3;0;0;1
1647;15;10;1;2;2;0;1;0
1648;15;10;1;1;2;0;0;1
1649;15;10;1;0;3;0;1;0
1650;15;10;1;4;3;0;0;1
1651;15;10;1;NA;3;0;1;0
1652;15;10;1;3;3;0;0;1
1653;15;10;1;NA;4;0;1;0
1654;15;10;1;7;4;0;0;1
1655;15;10;1;3;2;0;1;0
1656;15;10;1;NA;2;0;0;1
1657;15;10;1;2;3;0;1;0
1658;15;10;1;1;3;0;0;1
1659;15;10;1;7;7;0;1;0
1660;15;10;1;7;7;0;0;1
1661;15;10;1;7;6;0;1;0
1662;15;10;1;7;6;0;0;1
1663;15;10;1;0;0;1;1;0
1664;15;10;1;NA;0;1;0;1
1665;15;10;1;NA;3;0;1;0
1666;15;10;1;2;3;0;0;1
1667;16;5;1;7;7;0;1;0
1668;16;5;1;NA;7;0;0;1
1669;16;5;1;6;7;0;1;0
1670;16;5;1;7;7;0;0;1
1671;16;5;1;7;7;0;1;0
1672;16;5;1;7;7;0;0;1
1673;16;5;1;2;2;0;1;0
1674;16;5;1;2;2;0;0;1
1675;16;5;1;2;7;0;1;0
1676;16;5;1;1;7;0;0;1
1677;16;5;1;6;2;0;1;0
1678;16;5;1;2;2;0;0;1
1679;16;5;1;4;2;0;1;0
1680;16;5;1;7;2;0;0;1
1681;16;5;1;NA;3;0;1;0
1682;16;5;1;3;3;0;0;1
1683;16;5;1;3;3;0;1;0
1684;16;5;1;4;3;0;0;1
1685;16;5;1;7;3;0;1;0
1686;16;5;1;7;3;0;0;1
1687;16;5;1;5;7;0;1;0
1688;16;5;1;5;7;0;0;1
1689;16;5;1;4;4;0;1;0
1690;16;5;1;7;4;0;0;1
1691;16;5;1;3;0;1;1;0
1692;16;5;1;4;0;1;0;1
1693;16;5;1;NA;3;0;1;0
1694;16;5;1;NA;3;0;0;1
1695;16;5;1;4;7;0;1;0
1696;16;5;1;3;7;0;0;1
1697;17;5;0;NA;7;0;1;0
1698;17;5;0;7;7;0;0;1
1699;17;5;0;7;3;0;1;0
1700;17;5;0;NA;3;0;0;1
1701;17;5;0;7;3;0;1;0
1702;17;5;0;NA;3;0;0;1
1703;17;5;0;7;3;0;1;0
1704;17;5;0;2;3;0;0;1
1705;17;5;0;NA;3;0;1;0
1706;17;5;0;7;3;0;0;1
1707;17;5;0;7;7;0;1;0
1708;17;5;0;7;7;0;0;1
1709;17;5;0;NA;7;0;1;0
1710;17;5;0;NA;7;0;0;1
1711;17;5;0;7;3;0;1;0
1712;17;5;0;7;3;0;0;1
1713;17;5;0;4;3;0;1;0
1714;17;5;0;5;3;0;0;1
1715;17;5;0;3;3;0;1;0
1716;17;5;0;7;3;0;0;1
1717;18;1;0;7;0;1;1;0
1718;18;1;0;7;0;1;0;1
1719;18;1;0;7;7;0;1;0
1720;18;1;0;7;7;0;0;1
1721;18;1;0;NA;3;0;1;0
1722;18;1;0;7;3;0;0;1
1723;18;1;0;3;2;0;1;0
1724;18;1;0;1;2;0;0;1
1725;18;1;0;NA;3;0;1;0
1726;18;1;0;NA;3;0;0;1
1727;18;1;0;NA;2;0;1;0
1728;18;1;0;NA;2;0;0;1
1729;18;1;0;NA;3;0;1;0
1730;18;1;0;NA;3;0;0;1
1731;18;1;0;1;2;0;1;0
1732;18;1;0;NA;2;0;0;1
1733;18;1;0;NA;5;0;1;0
1734;18;1;0;NA;5;0;0;1
1735;18;1;0;NA;2;0;1;0
1736;18;1;0;3;2;0;0;1
1737;18;1;0;6;7;0;1;0
1738;18;1;0;5;7;0;0;1
1739;18;1;0;5;7;0;1;0
1740;18;1;0;7;7;0;0;1
1741;18;1;0;NA;7;0;1;0
1742;18;1;0;7;7;0;0;1
1743;18;1;0;5;7;0;1;0
1744;18;1;0;3;7;0;0;1
1745;18;1;0;NA;0;1;1;0
1746;18;1;0;NA;0;1;0;1
1747;18;1;0;3;4;0;1;0
1748;18;1;0;NA;4;0;0;1
1749;18;1;0;4;7;0;1;0
1750;18;1;0;3;7;0;0;1
1751;18;1;0;2;7;0;1;0
1752;18;1;0;1;7;0;0;1
1753;18;1;0;NA;3;0;1;0
1754;18;1;0;NA;3;0;0;1
1755;18;1;0;NA;3;0;1;0
1756;18;1;0;NA;3;0;0;1
1757;18;1;0;7;7;0;1;0
1758;18;1;0;7;7;0;0;1
1759;19;6;1;NA;2;0;1;0
1760;19;6;1;NA;2;0;0;1
1761;19;6;1;NA;3;0;1;0
1762;19;6;1;7;3;0;0;1
1763;19;6;1;5;3;0;1;0
1764;19;6;1;NA;3;0;0;1
1765;19;6;1;NA;5;0;1;0
1766;19;6;1;7;5;0;0;1
1767;19;6;1;NA;2;0;1;0
1768;19;6;1;NA;2;0;0;1
1769;19;6;1;7;7;0;1;0
1770;19;6;1;7;7;0;0;1
1771;19;6;1;4;6;0;1;0
1772;19;6;1;1;6;0;0;1
1773;19;6;1;4;1;0;1;0
1774;19;6;1;0;1;0;0;1
1775;19;6;1;7;7;0;1;0
1776;19;6;1;NA;7;0;0;1
1777;19;6;1;4;7;0;1;0
1778;19;6;1;NA;7;0;0;1
1779;19;6;1;NA;1;0;1;0
1780;19;6;1;1;1;0;0;1
1781;19;6;1;3;3;0;1;0
1782;19;6;1;7;3;0;0;1
1783;19;6;1;0;3;0;1;0
1784;19;6;1;4;3;0;0;1
1785;19;6;1;2;1;0;1;0
1786;19;6;1;NA;1;0;0;1
1787;19;6;1;3;3;0;1;0
1788;19;6;1;2;3;0;0;1
1789;19;6;1;NA;1;0;1;0
1790;19;6;1;NA;1;0;0;1
1791;19;6;1;4;0;1;1;0
1792;19;6;1;3;0;1;0;1
1793;19;6;1;4;3;0;1;0
1794;19;6;1;NA;3;0;0;1
1795;19;6;1;NA;3;0;1;0
1796;19;6;1;NA;3;0;0;1
1797;19;6;1;3;7;0;1;0
1798;19;6;1;7;7;0;0;1
1799;19;6;1;3;3;0;1;0
1800;19;6;1;3;3;0;0;1
1801;19;6;1;4;3;0;1;0
1802;19;6;1;NA;3;0;0;1
1803;19;6;1;NA;7;0;1;0
1804;19;6;1;NA;7;0;0;1
1805;19;6;1;3;3;0;1;0
1806;19;6;1;3;3;0;0;1
1807;19;6;1;7;3;0;1;0
1808;19;6;1;NA;3;0;0;1
1809;19;6;1;NA;2;0;1;0
1810;19;6;1;NA;2;0;0;1
1811;19;6;1;NA;7;0;1;0
1812;19;6;1;NA;7;0;0;1
1813;20;4;0;2;7;0;1;0
1814;20;4;0;7;7;0;0;1
1815;20;4;0;6;7;0;1;0
1816;20;4;0;7;7;0;0;1
1817;20;4;0;7;7;0;1;0
1818;20;4;0;7;7;0;0;1
1819;20;4;0;3;7;0;1;0
1820;20;4;0;1;7;0;0;1
1821;20;4;0;6;6;0;1;0
1822;20;4;0;6;6;0;0;1
1823;20;4;0;7;7;0;1;0
1824;20;4;0;3;7;0;0;1
1825;20;4;0;NA;2;0;1;0
1826;20;4;0;NA;2;0;0;1
1827;20;4;0;2;3;0;1;0
1828;20;4;0;2;3;0;0;1
1829;20;4;0;NA;7;0;1;0
1830;20;4;0;NA;7;0;0;1
1831;20;4;0;2;2;0;1;0
1832;20;4;0;2;2;0;0;1
1833;20;4;0;2;2;0;1;0
1834;20;4;0;NA;2;0;0;1
1835;20;4;0;6;7;0;1;0
1836;20;4;0;NA;7;0;0;1
1837;20;4;0;NA;3;0;1;0
1838;20;4;0;NA;3;0;0;1
1839;20;4;0;NA;7;0;1;0
1840;20;4;0;3;7;0;0;1
1841;20;4;0;7;6;0;1;0
1842;20;4;0;NA;6;0;0;1
1843;20;4;0;6;7;0;1;0
1844;20;4;0;7;7;0;0;1
1845;20;4;0;7;7;0;1;0
1846;20;4;0;6;7;0;0;1
1847;20;4;0;NA;3;0;1;0
1848;20;4;0;4;3;0;0;1
1849;21;3;1;3;2;0;1;0
1850;21;3;1;NA;2;0;0;1
1851;21;3;1;7;7;0;1;0
1852;21;3;1;NA;7;0;0;1
1853;21;3;1;NA;3;0;1;0
1854;21;3;1;NA;3;0;0;1
1855;21;3;1;7;7;0;1;0
1856;21;3;1;5;7;0;0;1
1857;21;3;1;3;2;0;1;0
1858;21;3;1;NA;2;0;0;1
1859;21;3;1;NA;7;0;1;0
1860;21;3;1;NA;7;0;0;1
1861;21;3;1;7;1;0;1;0
1862;21;3;1;NA;1;0;0;1
1863;21;3;1;5;3;0;1;0
1864;21;3;1;4;3;0;0;1
1865;21;3;1;7;7;0;1;0
1866;21;3;1;NA;7;0;0;1
1867;21;3;1;2;3;0;1;0
1868;21;3;1;2;3;0;0;1
1869;21;3;1;3;2;0;1;0
1870;21;3;1;NA;2;0;0;1
1871;21;3;1;7;7;0;1;0
1872;21;3;1;7;7;0;0;1
1873;21;3;1;2;4;0;1;0
1874;21;3;1;3;4;0;0;1
1875;21;3;1;2;2;0;1;0
1876;21;3;1;2;2;0;0;1
1877;21;3;1;7;0;1;1;0
1878;21;3;1;7;0;1;0;1
1879;21;3;1;NA;0;1;1;0
1880;21;3;1;NA;0;1;0;1
1881;21;3;1;NA;7;0;1;0
1882;21;3;1;NA;7;0;0;1
1883;21;3;1;NA;7;0;1;0
1884;21;3;1;NA;7;0;0;1
1885;21;3;1;NA;7;0;1;0
1886;21;3;1;NA;7;0;0;1
1887;22;12;1;3;6;0;1;0
1888;22;12;1;2;6;0;0;1
1889;22;12;1;3;4;0;1;0
1890;22;12;1;3;4;0;0;1
1891;22;12;1;NA;3;0;1;0
1892;22;12;1;3;3;0;0;1
1893;22;12;1;7;7;0;1;0
1894;22;12;1;NA;7;0;0;1
1895;22;12;1;0;0;1;1;0
1896;22;12;1;0;0;1;0;1
1897;22;12;1;3;3;0;1;0
1898;22;12;1;3;3;0;0;1
1899;22;12;1;6;7;0;1;0
1900;22;12;1;7;7;0;0;1
1901;22;12;1;NA;3;0;1;0
1902;22;12;1;NA;3;0;0;1
1903;22;12;1;7;7;0;1;0
1904;22;12;1;7;7;0;0;1
1905;22;12;1;NA;1;0;1;0
1906;22;12;1;2;1;0;0;1
1907;22;12;1;6;5;0;1;0
1908;22;12;1;7;5;0;0;1
1909;22;12;1;NA;3;0;1;0
1910;22;12;1;7;3;0;0;1
1911;22;12;1;2;2;0;1;0
1912;22;12;1;1;2;0;0;1
1913;22;12;1;NA;7;0;1;0
1914;22;12;1;2;7;0;0;1
1915;22;12;1;7;7;0;1;0
1916;22;12;1;7;7;0;0;1
1917;22;12;1;NA;3;0;1;0
1918;22;12;1;7;3;0;0;1
1919;22;12;1;7;7;0;1;0
1920;22;12;1;7;7;0;0;1
1921;22;12;1;NA;3;0;1;0
1922;22;12;1;NA;3;0;0;1
1923;22;12;1;3;2;0;1;0
1924;22;12;1;2;2;0;0;1
1925;22;12;1;NA;7;0;1;0
1926;22;12;1;NA;7;0;0;1
1927;22;12;1;NA;7;0;1;0
1928;22;12;1;NA;7;0;0;1
1929;23;9;0;7;2;0;1;0
1930;23;9;0;7;2;0;0;1
1931;23;9;0;NA;3;0;1;0
1932;23;9;0;NA;3;0;0;1
1933;23;9;0;NA;7;0;1;0
1934;23;9;0;7;7;0;0;1
1935;23;9;0;4;7;0;1;0
1936;23;9;0;2;7;0;0;1
1937;23;9;0;1;4;0;1;0
1938;23;9;0;4;4;0;0;1
1939;23;9;0;7;7;0;1;0
1940;23;9;0;7;7;0;0;1
1941;23;9;0;3;7;0;1;0
1942;23;9;0;3;7;0;0;1
1943;23;9;0;7;7;0;1;0
1944;23;9;0;7;7;0;0;1
1945;23;9;0;7;7;0;1;0
1946;23;9;0;7;7;0;0;1
1947;23;9;0;NA;0;1;1;0
1948;23;9;0;NA;0;1;0;1
1949;23;9;0;5;2;0;1;0
1950;23;9;0;NA;2;0;0;1
1951;23;9;0;NA;7;0;1;0
1952;23;9;0;NA;7;0;0;1
1953;23;9;0;NA;2;0;1;0
1954;23;9;0;NA;2;0;0;1
1955;23;9;0;NA;2;0;1;0
1956;23;9;0;NA;2;0;0;1
1957;23;9;0;5;7;0;1;0
1958;23;9;0;4;7;0;0;1
1959;23;9;0;NA;7;0;1;0
1960;23;9;0;7;7;0;0;1
1961;24;12;0;3;7;0;1;0
1962;24;12;0;7;7;0;0;1
1963;24;12;0;7;7;0;1;0
1964;24;12;0;NA;7;0;0;1
1965;24;12;0;5;6;0;1;0
1966;24;12;0;7;6;0;0;1
1967;24;12;0;3;3;0;1;0
1968;24;12;0;6;3;0;0;1
1969;24;12;0;7;3;0;1;0
1970;24;12;0;7;3;0;0;1
1971;24;12;0;7;3;0;1;0
1972;24;12;0;6;3;0;0;1
1973;24;12;0;7;7;0;1;0
1974;24;12;0;6;7;0;0;1
1975;24;12;0;NA;7;0;1;0
1976;24;12;0;6;7;0;0;1
1977;24;12;0;1;0;1;1;0
1978;24;12;0;7;0;1;0;1
1979;24;12;0;7;7;0;1;0
1980;24;12;0;7;7;0;0;1
1981;24;12;0;3;7;0;1;0
1982;24;12;0;7;7;0;0;1
1983;24;12;0;0;7;0;1;0
1984;24;12;0;NA;7;0;0;1
1985;24;12;0;2;3;0;1;0
1986;24;12;0;5;3;0;0;1
1987;24;12;0;7;4;0;1;0
1988;24;12;0;7;4;0;0;1
1989;24;12;0;3;7;0;1;0
1990;24;12;0;4;7;0;0;1
1991;24;12;0;7;7;0;1;0
1992;24;12;0;NA;7;0;0;1
1993;24;12;0;7;3;0;1;0
1994;24;12;0;4;3;0;0;1
1995;25;6;0;7;7;0;1;0
1996;25;6;0;7;7;0;0;1
1997;25;6;0;7;7;0;1;0
1998;25;6;0;7;7;0;0;1
1999;25;6;0;NA;3;0;1;0
2000;25;6;0;NA;3;0;0;1
2001;25;6;0;NA;3;0;1;0
2002;25;6;0;NA;3;0;0;1
2003;25;6;0;NA;3;0;1;0
2004;25;6;0;7;3;0;0;1
2005;25;6;0;NA;3;0;1;0
2006;25;6;0;NA;3;0;0;1
2007;25;6;0;7;7;0;1;0
2008;25;6;0;6;7;0;0;1
2009;25;6;0;NA;4;0;1;0
2010;25;6;0;NA;4;0;0;1
2011;25;6;0;4;3;0;1;0
2012;25;6;0;NA;3;0;0;1
2013;25;6;0;NA;3;0;1;0
2014;25;6;0;NA;3;0;0;1
2015;26;9;1;7;4;0;1;0
2016;26;9;1;7;4;0;0;1
2017;26;9;1;7;7;0;1;0
2018;26;9;1;5;7;0;0;1
2019;26;9;1;2;4;0;1;0
2020;26;9;1;NA;4;0;0;1
2021;26;9;1;NA;4;0;1;0
2022;26;9;1;7;4;0;0;1
2023;26;9;1;NA;3;0;1;0
2024;26;9;1;0;3;0;0;1
2025;26;9;1;4;4;0;1;0
2026;26;9;1;5;4;0;0;1
2027;26;9;1;7;3;0;1;0
2028;26;9;1;3;3;0;0;1
2029;26;9;1;7;6;0;1;0
2030;26;9;1;NA;6;0;0;1
2031;27;19;1;NA;7;0;1;0
2032;27;19;1;NA;7;0;0;1
2033;27;19;1;NA;2;0;1;0
2034;27;19;1;NA;2;0;0;1
2035;27;19;1;NA;7;0;1;0
2036;27;19;1;7;7;0;0;1
2037;27;19;1;7;7;0;1;0
2038;27;19;1;7;7;0;0;1
2039;27;19;1;0;7;0;1;0
2040;27;19;1;7;7;0;0;1
2041;27;19;1;1;2;0;1;0
2042;27;19;1;NA;2;0;0;1
2043;27;19;1;4;7;0;1;0
2044;27;19;1;7;7;0;0;1
2045;27;19;1;NA;7;0;1;0
2046;27;19;1;NA;7;0;0;1
2047;27;19;1;7;4;0;1;0
2048;27;19;1;3;4;0;0;1
2049;27;19;1;6;7;0;1;0
2050;27;19;1;3;7;0;0;1
2051;27;19;1;3;3;0;1;0
2052;27;19;1;3;3;0;0;1
2053;27;19;1;7;7;0;1;0
2054;27;19;1;7;7;0;0;1
2055;27;19;1;7;7;0;1;0
2056;27;19;1;7;7;0;0;1
2057;27;19;1;7;7;0;1;0
2058;27;19;1;NA;7;0;0;1
2059;28;32;1;0;3;0;1;0
2060;28;32;1;4;3;0;0;1
2061;28;32;1;7;7;0;1;0
2062;28;32;1;NA;7;0;0;1
2063;28;32;1;3;3;0;1;0
2064;28;32;1;NA;3;0;0;1
2065;28;32;1;2;7;0;1;0
2066;28;32;1;7;7;0;0;1
2067;28;32;1;7;7;0;1;0
2068;28;32;1;3;7;0;0;1
2069;28;32;1;NA;0;1;1;0
2070;28;32;1;NA;0;1;0;1
2071;28;32;1;7;7;0;1;0
2072;28;32;1;7;7;0;0;1
2073;28;32;1;NA;7;0;1;0
2074;28;32;1;7;7;0;0;1
2075;28;32;1;7;7;0;1;0
2076;28;32;1;7;7;0;0;1
2077;28;32;1;NA;3;0;1;0
2078;28;32;1;0;3;0;0;1
2079;28;32;1;4;4;0;1;0
2080;28;32;1;4;4;0;0;1
2081;28;32;1;4;3;0;1;0
2082;28;32;1;7;3;0;0;1
2083;28;32;1;0;2;0;1;0
2084;28;32;1;0;2;0;0;1
2085;28;32;1;2;3;0;1;0
2086;28;32;1;7;3;0;0;1
2087;28;32;1;3;3;0;1;0
2088;28;32;1;NA;3;0;0;1
2089;28;32;1;7;7;0;1;0
2090;28;32;1;7;7;0;0;1
2091;28;32;1;NA;3;0;1;0
2092;28;32;1;0;3;0;0;1
2093;28;32;1;7;6;0;1;0
2094;28;32;1;6;6;0;0;1
2095;28;32;1;3;3;0;1;0
2096;28;32;1;3;3;0;0;1
2097;29;15;1;2;2;0;1;0
2098;29;15;1;0;2;0;0;1
2099;29;15;1;0;2;0;1;0
2100;29;15;1;NA;2;0;0;1
2101;29;15;1;2;3;0;1;0
2102;29;15;1;NA;3;0;0;1
2103;29;15;1;7;7;0;1;0
2104;29;15;1;7;7;0;0;1
2105;29;15;1;NA;5;0;1;0
2106;29;15;1;4;5;0;0;1
2107;29;15;1;NA;3;0;1;0
2108;29;15;1;NA;3;0;0;1
2109;29;15;1;5;7;0;1;0
2110;29;15;1;2;7;0;0;1
2111;29;15;1;3;7;0;1;0
2112;29;15;1;7;7;0;0;1
2113;29;15;1;2;0;1;1;0
2114;29;15;1;3;0;1;0;1
2115;29;15;1;3;2;0;1;0
2116;29;15;1;NA;2;0;0;1
2117;29;15;1;7;7;0;1;0
2118;29;15;1;7;7;0;0;1
2119;29;15;1;7;7;0;1;0
2120;29;15;1;NA;7;0;0;1
2121;29;15;1;4;3;0;1;0
2122;29;15;1;NA;3;0;0;1
2123;29;15;1;7;7;0;1;0
2124;29;15;1;NA;7;0;0;1
2125;29;15;1;0;0;1;1;0
2126;29;15;1;2;0;1;0;1
2127;29;15;1;0;0;1;1;0
2128;29;15;1;0;0;1;0;1
2129;29;15;1;NA;7;0;1;0
2130;29;15;1;0;7;0;0;1
2131;29;15;1;7;7;0;1;0
2132;29;15;1;NA;7;0;0;1
2133;29;15;1;7;0;1;1;0
2134;29;15;1;NA;0;1;0;1
2135;29;15;1;NA;4;0;1;0
2136;29;15;1;NA;4;0;0;1
2137;29;15;1;7;7;0;1;0
2138;29;15;1;3;7;0;0;1
2139;29;15;1;NA;3;0;1;0
2140;29;15;1;7;3;0;0;1
2141;29;15;1;4;7;0;1;0
2142;29;15;1;NA;7;0;0;1
2143;29;15;1;NA;7;0;1;0
2144;29;15;1;NA;7;0;0;1
2145;29;15;1;NA;7;0;1;0
2146;29;15;1;NA;7;0;0;1
2147;30;18;1;7;7;0;1;0
2148;30;18;1;5;7;0;0;1
2149;30;18;1;NA;3;0;1;0
2150;30;18;1;NA;3;0;0;1
2151;30;18;1;7;7;0;1;0
2152;30;18;1;6;7;0;0;1
2153;30;18;1;3;3;0;1;0
2154;30;18;1;3;3;0;0;1
2155;30;18;1;3;4;0;1;0
2156;30;18;1;4;4;0;0;1
2157;30;18;1;7;7;0;1;0
2158;30;18;1;7;7;0;0;1
2159;30;18;1;7;7;0;1;0
2160;30;18;1;5;7;0;0;1
2161;30;18;1;7;6;0;1;0
2162;30;18;1;7;6;0;0;1
2163;30;18;1;7;7;0;1;0
2164;30;18;1;NA;7;0;0;1
2165;30;18;1;NA;7;0;1;0
2166;30;18;1;NA;7;0;0;1
2167;30;18;1;7;7;0;1;0
2168;30;18;1;6;7;0;0;1
2169;30;18;1;7;7;0;1;0
2170;30;18;1;NA;7;0;0;1
2171;30;18;1;7;7;0;1;0
2172;30;18;1;7;7;0;0;1
2173;30;18;1;6;6;0;1;0
2174;30;18;1;NA;6;0;0;1
2175;30;18;1;7;7;0;1;0
2176;30;18;1;7;7;0;0;1
2177;30;18;1;5;0;1;1;0
2178;30;18;1;4;0;1;0;1
2179;30;18;1;7;7;0;1;0
2180;30;18;1;7;7;0;0;1
2181;30;18;1;3;3;0;1;0
2182;30;18;1;NA;3;0;0;1
2183;30;18;1;NA;7;0;1;0
2184;30;18;1;NA;7;0;0;1
2185;30;18;1;4;3;0;1;0
2186;30;18;1;4;3;0;0;1
2187;30;18;1;1;1;0;1;0
2188;30;18;1;2;1;0;0;1
2189;30;18;1;7;7;0;1;0
2190;30;18;1;7;7;0;0;1
2191;30;18;1;7;4;0;1;0
2192;30;18;1;7;4;0;0;1
2193;30;18;1;NA;7;0;1;0
2194;30;18;1;NA;7;0;0;1
2195;31;18;0;7;7;0;1;0
2196;31;18;0;NA;7;0;0;1
2197;31;18;0;NA;2;0;1;0
2198;31;18;0;NA;2;0;0;1
2199;31;18;0;7;7;0;1;0
2200;31;18;0;7;7;0;0;1
2201;31;18;0;6;7;0;1;0
2202;31;18;0;7;7;0;0;1
2203;31;18;0;NA;3;0;1;0
2204;31;18;0;NA;3;0;0;1
2205;31;18;0;7;7;0;1;0
2206;31;18;0;NA;7;0;0;1
2207;31;18;0;7;7;0;1;0
2208;31;18;0;7;7;0;0;1
2209;31;18;0;NA;6;0;1;0
2210;31;18;0;NA;6;0;0;1
2211;31;18;0;NA;2;0;1;0
2212;31;18;0;7;2;0;0;1
2213;31;18;0;7;7;0;1;0
2214;31;18;0;NA;7;0;0;1
2215;31;18;0;7;7;0;1;0
2216;31;18;0;NA;7;0;0;1
2217;31;18;0;2;3;0;1;0
2218;31;18;0;NA;3;0;0;1
2219;31;18;0;7;6;0;1;0
2220;31;18;0;4;6;0;0;1
2221;31;18;0;7;7;0;1;0
2222;31;18;0;7;7;0;0;1
2223;31;18;0;NA;2;0;1;0
2224;31;18;0;NA;2;0;0;1
2225;31;18;0;4;3;0;1;0
2226;31;18;0;3;3;0;0;1
2227;31;18;0;NA;7;0;1;0
2228;31;18;0;NA;7;0;0;1
2229;31;18;0;NA;5;0;1;0
2230;31;18;0;NA;5;0;0;1
2231;31;18;0;5;5;0;1;0
2232;31;18;0;5;5;0;0;1
2233;31;18;0;NA;3;0;1;0
2234;31;18;0;NA;3;0;0;1
2235;32;21;1;7;7;0;1;0
2236;32;21;1;7;7;0;0;1
2237;32;21;1;3;3;0;1;0
2238;32;21;1;7;3;0;0;1
2239;32;21;1;NA;6;0;1;0
2240;32;21;1;7;6;0;0;1
2241;32;21;1;NA;7;0;1;0
2242;32;21;1;NA;7;0;0;1
2243;32;21;1;5;2;0;1;0
2244;32;21;1;4;2;0;0;1
2245;32;21;1;2;2;0;1;0
2246;32;21;1;1;2;0;0;1
2247;32;21;1;7;7;0;1;0
2248;32;21;1;0;7;0;0;1
2249;32;21;1;7;6;0;1;0
2250;32;21;1;7;6;0;0;1
2251;32;21;1;7;7;0;1;0
2252;32;21;1;7;7;0;0;1
2253;32;21;1;NA;6;0;1;0
2254;32;21;1;7;6;0;0;1
2255;32;21;1;7;6;0;1;0
2256;32;21;1;7;6;0;0;1
2257;32;21;1;3;7;0;1;0
2258;32;21;1;2;7;0;0;1
2259;32;21;1;1;4;0;1;0
2260;32;21;1;4;4;0;0;1
2261;32;21;1;7;7;0;1;0
2262;32;21;1;7;7;0;0;1
2263;32;21;1;7;4;0;1;0
2264;32;21;1;3;4;0;0;1
2265;32;21;1;NA;7;0;1;0
2266;32;21;1;NA;7;0;0;1
2267;33;34;1;NA;3;0;1;0
2268;33;34;1;3;3;0;0;1
2269;33;34;1;3;3;0;1;0
2270;33;34;1;2;3;0;0;1
2271;33;34;1;3;3;0;1;0
2272;33;34;1;NA;3;0;0;1
2273;33;34;1;1;2;0;1;0
2274;33;34;1;0;2;0;0;1
2275;33;34;1;2;0;1;1;0
2276;33;34;1;7;0;1;0;1
2277;33;34;1;7;7;0;1;0
2278;33;34;1;7;7;0;0;1
2279;33;34;1;7;7;0;1;0
2280;33;34;1;7;7;0;0;1
2281;33;34;1;7;7;0;1;0
2282;33;34;1;7;7;0;0;1
2283;33;34;1;7;3;0;1;0
2284;33;34;1;4;3;0;0;1
2285;33;34;1;3;7;0;1;0
2286;33;34;1;2;7;0;0;1
2287;33;34;1;2;0;1;1;0
2288;33;34;1;2;0;1;0;1
2289;33;34;1;6;6;0;1;0
2290;33;34;1;NA;6;0;0;1
2291;33;34;1;7;4;0;1;0
2292;33;34;1;7;4;0;0;1
2293;33;34;1;NA;2;0;1;0
2294;33;34;1;2;2;0;0;1
2295;33;34;1;7;7;0;1;0
2296;33;34;1;7;7;0;0;1
2297;33;34;1;3;7;0;1;0
2298;33;34;1;3;7;0;0;1
2299;34;23;1;0;2;0;1;0
2300;34;23;1;2;2;0;0;1
2301;34;23;1;3;3;0;1;0
2302;34;23;1;3;3;0;0;1
2303;34;23;1;1;2;0;1;0
2304;34;23;1;2;2;0;0;1
2305;34;23;1;4;3;0;1;0
2306;34;23;1;2;3;0;0;1
2307;34;23;1;NA;2;0;1;0
2308;34;23;1;2;2;0;0;1
2309;34;23;1;7;7;0;1;0
2310;34;23;1;7;7;0;0;1
2311;34;23;1;NA;3;0;1;0
2312;34;23;1;NA;3;0;0;1
2313;34;23;1;3;7;0;1;0
2314;34;23;1;7;7;0;0;1
2315;34;23;1;3;3;0;1;0
2316;34;23;1;0;3;0;0;1
2317;34;23;1;0;2;0;1;0
2318;34;23;1;NA;2;0;0;1
2319;34;23;1;2;3;0;1;0
2320;34;23;1;4;3;0;0;1
2321;34;23;1;3;6;0;1;0
2322;34;23;1;3;6;0;0;1
2323;34;23;1;7;7;0;1;0
2324;34;23;1;7;7;0;0;1
2325;34;23;1;7;7;0;1;0
2326;34;23;1;6;7;0;0;1
2327;34;23;1;6;7;0;1;0
2328;34;23;1;7;7;0;0;1
2329;34;23;1;NA;2;0;1;0
2330;34;23;1;NA;2;0;0;1
2331;34;23;1;1;2;0;1;0
2332;34;23;1;NA;2;0;0;1
2333;34;23;1;4;4;0;1;0
2334;34;23;1;7;4;0;0;1
2335;36;34;0;4;4;0;1;0
2336;36;34;0;4;4;0;0;1
2337;36;34;0;NA;3;0;1;0
2338;36;34;0;1;3;0;0;1
2339;36;34;0;NA;2;0;1;0
2340;36;34;0;NA;2;0;0;1
2341;36;34;0;1;0;1;1;0
2342;36;34;0;1;0;1;0;1
2343;36;34;0;7;7;0;1;0
2344;36;34;0;7;7;0;0;1
2345;36;34;0;7;7;0;1;0
2346;36;34;0;7;7;0;0;1
2347;36;34;0;7;7;0;1;0
2348;36;34;0;7;7;0;0;1
2349;36;34;0;6;4;0;1;0
2350;36;34;0;3;4;0;0;1
2351;36;34;0;1;0;1;1;0
2352;36;34;0;0;0;1;0;1
2353;36;34;0;NA;3;0;1;0
2354;36;34;0;2;3;0;0;1
2355;36;34;0;4;7;0;1;0
2356;36;34;0;4;7;0;0;1
2357;37;27;1;3;0;1;1;0
2358;37;27;1;NA;0;1;0;1
2359;37;27;1;NA;3;0;1;0
2360;37;27;1;NA;3;0;0;1
2361;37;27;1;7;6;0;1;0
2362;37;27;1;3;6;0;0;1
2363;37;27;1;3;3;0;1;0
2364;37;27;1;3;3;0;0;1
2365;37;27;1;7;7;0;1;0
2366;37;27;1;NA;7;0;0;1
2367;37;27;1;4;2;0;1;0
2368;37;27;1;2;2;0;0;1
2369;37;27;1;2;2;0;1;0
2370;37;27;1;3;2;0;0;1
2371;37;27;1;7;4;0;1;0
2372;37;27;1;7;4;0;0;1
2373;37;27;1;7;3;0;1;0
2374;37;27;1;NA;3;0;0;1
2375;37;27;1;7;7;0;1;0
2376;37;27;1;7;7;0;0;1
2377;37;27;1;NA;7;0;1;0
2378;37;27;1;NA;7;0;0;1
2379;37;27;1;1;3;0;1;0
2380;37;27;1;1;3;0;0;1
2381;37;27;1;1;3;0;1;0
2382;37;27;1;3;3;0;0;1
2383;37;27;1;4;0;1;1;0
2384;37;27;1;2;0;1;0;1
2385;37;27;1;7;0;1;1;0
2386;37;27;1;7;0;1;0;1
2387;37;27;1;NA;7;0;1;0
2388;37;27;1;NA;7;0;0;1
2389;37;27;1;NA;0;1;1;0
2390;37;27;1;NA;0;1;0;1
2391;37;27;1;3;7;0;1;0
2392;37;27;1;7;7;0;0;1
2393;37;27;1;NA;6;0;1;0
2394;37;27;1;7;6;0;0;1
2395;38;19;0;5;5;0;1;0
2396;38;19;0;5;5;0;0;1
2397;38;19;0;2;7;0;1;0
2398;38;19;0;6;7;0;0;1
2399;38;19;0;7;3;0;1;0
2400;38;19;0;NA;3;0;0;1
2401;38;19;0;3;4;0;1;0
2402;38;19;0;3;4;0;0;1
2403;38;19;0;7;7;0;1;0
2404;38;19;0;7;7;0;0;1
2405;38;19;0;7;2;0;1;0
2406;38;19;0;NA;2;0;0;1
2407;38;19;0;NA;7;0;1;0
2408;38;19;0;NA;7;0;0;1
2409;38;19;0;NA;0;1;1;0
2410;38;19;0;NA;0;1;0;1
2411;38;19;0;3;7;0;1;0
2412;38;19;0;5;7;0;0;1
2413;38;19;0;NA;7;0;1;0
2414;38;19;0;3;7;0;0;1
2415;38;19;0;7;6;0;1;0
2416;38;19;0;5;6;0;0;1
2417;38;19;0;NA;7;0;1;0
2418;38;19;0;NA;7;0;0;1
2419;38;19;0;5;7;0;1;0
2420;38;19;0;3;7;0;0;1
2421;39;15;0;7;7;0;1;0
2422;39;15;0;NA;7;0;0;1
2423;39;15;0;2;3;0;1;0
2424;39;15;0;NA;3;0;0;1
2425;39;15;0;3;0;1;1;0
2426;39;15;0;3;0;1;0;1
2427;39;15;0;NA;7;0;1;0
2428;39;15;0;7;7;0;0;1
2429;39;15;0;3;3;0;1;0
2430;39;15;0;3;3;0;0;1
2431;39;15;0;NA;4;0;1;0
2432;39;15;0;NA;4;0;0;1
2433;39;15;0;7;7;0;1;0
2434;39;15;0;NA;7;0;0;1
2435;39;15;0;7;4;0;1;0
2436;39;15;0;7;4;0;0;1
2437;39;15;0;3;7;0;1;0
2438;39;15;0;3;7;0;0;1
2439;39;15;0;5;3;0;1;0
2440;39;15;0;3;3;0;0;1
2441;39;15;0;7;7;0;1;0
2442;39;15;0;7;7;0;0;1
2443;39;15;0;6;7;0;1;0
2444;39;15;0;6;7;0;0;1
2445;39;15;0;NA;2;0;1;0
2446;39;15;0;NA;2;0;0;1
2447;39;15;0;7;7;0;1;0
2448;39;15;0;7;7;0;0;1
2449;39;15;0;7;7;0;1;0
2450;39;15;0;7;7;0;0;1
2451;39;15;0;4;3;0;1;0
2452;39;15;0;5;3;0;0;1
2453;39;15;0;NA;7;0;1;0
2454;39;15;0;NA;7;0;0;1
2455;39;15;0;7;7;0;1;0
2456;39;15;0;NA;7;0;0;1
2457;39;15;0;7;7;0;1;0
2458;39;15;0;7;7;0;0;1
2459;39;15;0;NA;5;0;1;0
2460;39;15;0;7;5;0;0;1
2461;39;15;0;3;3;0;1;0
2462;39;15;0;3;3;0;0;1
2463;39;15;0;3;7;0;1;0
2464;39;15;0;7;7;0;0;1
2465;39;15;0;3;2;0;1;0
2466;39;15;0;2;2;0;0;1
2467;39;15;0;7;7;0;1;0
2468;39;15;0;7;7;0;0;1
2469;40;23;0;2;2;0;1;0
2470;40;23;0;2;2;0;0;1
2471;40;23;0;NA;3;0;1;0
2472;40;23;0;NA;3;0;0;1
2473;40;23;0;NA;7;0;1;0
2474;40;23;0;NA;7;0;0;1
2475;40;23;0;1;0;1;1;0
2476;40;23;0;5;0;1;0;1
2477;40;23;0;5;7;0;1;0
2478;40;23;0;7;7;0;0;1
2479;40;23;0;NA;4;0;1;0
2480;40;23;0;3;4;0;0;1
2481;40;23;0;3;3;0;1;0
2482;40;23;0;3;3;0;0;1
2483;40;23;0;2;1;0;1;0
2484;40;23;0;NA;1;0;0;1
2485;40;23;0;2;2;0;1;0
2486;40;23;0;2;2;0;0;1
2487;40;23;0;3;7;0;1;0
2488;40;23;0;NA;7;0;0;1
2489;40;23;0;NA;0;1;1;0
2490;40;23;0;7;0;1;0;1
2491;40;23;0;NA;0;1;1;0
2492;40;23;0;7;0;1;0;1
2493;41;24;1;NA;4;0;1;0
2494;41;24;1;7;4;0;0;1
2495;41;24;1;7;7;0;1;0
2496;41;24;1;NA;7;0;0;1
2497;41;24;1;6;6;0;1;0
2498;41;24;1;NA;6;0;0;1
2499;41;24;1;6;5;0;1;0
2500;41;24;1;7;5;0;0;1
2501;41;24;1;4;4;0;1;0
2502;41;24;1;7;4;0;0;1
2503;41;24;1;0;7;0;1;0
2504;41;24;1;7;7;0;0;1
2505;41;24;1;1;3;0;1;0
2506;41;24;1;3;3;0;0;1
2507;41;24;1;NA;1;0;1;0
2508;41;24;1;NA;1;0;0;1
2509;41;24;1;NA;3;0;1;0
2510;41;24;1;NA;3;0;0;1
2511;41;24;1;7;7;0;1;0
2512;41;24;1;NA;7;0;0;1
2513;41;24;1;NA;3;0;1;0
2514;41;24;1;NA;3;0;0;1
2515;42;22;1;3;3;0;1;0
2516;42;22;1;4;3;0;0;1
2517;42;22;1;1;0;1;1;0
2518;42;22;1;0;0;1;0;1
2519;42;22;1;7;7;0;1;0
2520;42;22;1;NA;7;0;0;1
2521;42;22;1;NA;7;0;1;0
2522;42;22;1;7;7;0;0;1
2523;42;22;1;3;6;0;1;0
2524;42;22;1;NA;6;0;0;1
2525;42;22;1;2;0;1;1;0
2526;42;22;1;1;0;1;0;1
2527;42;22;1;2;2;0;1;0
2528;42;22;1;2;2;0;0;1
2529;42;22;1;2;2;0;1;0
2530;42;22;1;1;2;0;0;1
2531;42;22;1;3;2;0;1;0
2532;42;22;1;3;2;0;0;1
2533;42;22;1;7;6;0;1;0
2534;42;22;1;7;6;0;0;1
2535;42;22;1;2;3;0;1;0
2536;42;22;1;3;3;0;0;1
2537;42;22;1;NA;2;0;1;0
2538;42;22;1;6;2;0;0;1
2539;42;22;1;2;2;0;1;0
2540;42;22;1;0;2;0;0;1
2541;42;22;1;NA;3;0;1;0
2542;42;22;1;NA;3;0;0;1
2543;42;22;1;5;3;0;1;0
2544;42;22;1;7;3;0;0;1
2545;42;22;1;2;3;0;1;0
2546;42;22;1;1;3;0;0;1
2547;42;22;1;6;7;0;1;0
2548;42;22;1;5;7;0;0;1
2549;42;22;1;7;3;0;1;0
2550;42;22;1;7;3;0;0;1
2551;43;25;1;3;7;0;1;0
2552;43;25;1;2;7;0;0;1
2553;43;25;1;NA;6;0;1;0
2554;43;25;1;7;6;0;0;1
2555;43;25;1;2;0;1;1;0
2556;43;25;1;3;0;1;0;1
2557;43;25;1;7;7;0;1;0
2558;43;25;1;7;7;0;0;1
2559;43;25;1;5;5;0;1;0
2560;43;25;1;4;5;0;0;1
2561;43;25;1;NA;3;0;1;0
2562;43;25;1;NA;3;0;0;1
2563;43;25;1;7;7;0;1;0
2564;43;25;1;7;7;0;0;1
2565;43;25;1;0;0;1;1;0
2566;43;25;1;3;0;1;0;1
2567;43;25;1;7;7;0;1;0
2568;43;25;1;7;7;0;0;1
2569;43;25;1;2;2;0;1;0
2570;43;25;1;0;2;0;0;1
2571;43;25;1;4;0;1;1;0
2572;43;25;1;7;0;1;0;1
2573;43;25;1;2;3;0;1;0
2574;43;25;1;3;3;0;0;1
2575;43;25;1;7;3;0;1;0
2576;43;25;1;7;3;0;0;1
2577;43;25;1;1;0;1;1;0
2578;43;25;1;1;0;1;0;1
2579;43;25;1;4;3;0;1;0
2580;43;25;1;2;3;0;0;1
2581;44;28;1;4;1;0;1;0
2582;44;28;1;7;1;0;0;1
2583;44;28;1;NA;0;1;1;0
2584;44;28;1;NA;0;1;0;1
2585;44;28;1;NA;5;0;1;0
2586;44;28;1;3;5;0;0;1
2587;44;28;1;3;3;0;1;0
2588;44;28;1;3;3;0;0;1
2589;44;28;1;0;0;1;1;0
2590;44;28;1;0;0;1;0;1
2591;44;28;1;5;7;0;1;0
2592;44;28;1;NA;7;0;0;1
2593;44;28;1;7;0;1;1;0
2594;44;28;1;7;0;1;0;1
2595;44;28;1;3;3;0;1;0
2596;44;28;1;2;3;0;0;1
2597;44;28;1;NA;3;0;1;0
2598;44;28;1;NA;3;0;0;1
2599;44;28;1;7;7;0;1;0
2600;44;28;1;7;7;0;0;1
2601;44;28;1;NA;7;0;1;0
2602;44;28;1;NA;7;0;0;1
2603;46;30;1;5;7;0;1;0
2604;46;30;1;NA;7;0;0;1
2605;46;30;1;7;3;0;1;0
2606;46;30;1;3;3;0;0;1
2607;46;30;1;NA;2;0;1;0
2608;46;30;1;1;2;0;0;1
2609;46;30;1;3;4;0;1;0
2610;46;30;1;3;4;0;0;1
2611;46;30;1;NA;2;0;1;0
2612;46;30;1;NA;2;0;0;1
2613;46;30;1;2;0;1;1;0
2614;46;30;1;NA;0;1;0;1
2615;46;30;1;7;4;0;1;0
2616;46;30;1;7;4;0;0;1
2617;46;30;1;NA;4;0;1;0
2618;46;30;1;NA;4;0;0;1
2619;46;30;1;NA;2;0;1;0
2620;46;30;1;NA;2;0;0;1
2621;46;30;1;1;0;1;1;0
2622;46;30;1;0;0;1;0;1
2623;46;30;1;6;6;0;1;0
2624;46;30;1;7;6;0;0;1
2625;46;30;1;0;2;0;1;0
2626;46;30;1;0;2;0;0;1
2627;46;30;1;NA;2;0;1;0
2628;46;30;1;NA;2;0;0;1
2629;46;30;1;NA;2;0;1;0
2630;46;30;1;NA;2;0;0;1
2631;46;30;1;NA;3;0;1;0
2632;46;30;1;3;3;0;0;1
2633;46;30;1;3;2;0;1;0
2634;46;30;1;7;2;0;0;1
2635;46;30;1;2;3;0;1;0
2636;46;30;1;4;3;0;0;1
2637;46;30;1;7;5;0;1;0
2638;46;30;1;5;5;0;0;1
2639;46;30;1;7;6;0;1;0
2640;46;30;1;7;6;0;0;1
2641;46;30;1;7;7;0;1;0
2642;46;30;1;2;7;0;0;1
2643;49;30;0;3;0;1;1;0
2644;49;30;0;NA;0;1;0;1
2645;49;30;0;NA;7;0;1;0
2646;49;30;0;NA;7;0;0;1
2647;49;30;0;NA;3;0;1;0
2648;49;30;0;4;3;0;0;1
2649;49;30;0;2;0;1;1;0
2650;49;30;0;NA;0;1;0;1
2651;49;30;0;6;2;0;1;0
2652;49;30;0;1;2;0;0;1
2653;49;30;0;6;3;0;1;0
2654;49;30;0;2;3;0;0;1
2655;49;30;0;NA;4;0;1;0
2656;49;30;0;NA;4;0;0;1
2657;49;30;0;NA;2;0;1;0
2658;49;30;0;3;2;0;0;1
2659;49;30;0;NA;7;0;1;0
2660;49;30;0;NA;7;0;0;1
2661;49;30;0;5;7;0;1;0
2662;49;30;0;7;7;0;0;1
2663;49;30;0;6;7;0;1;0
2664;49;30;0;7;7;0;0;1
2665;49;30;0;NA;4;0;1;0
2666;49;30;0;NA;4;0;0;1
2667;49;30;0;NA;0;1;1;0
2668;49;30;0;NA;0;1;0;1
2669;49;30;0;NA;0;1;1;0
2670;49;30;0;NA;0;1;0;1
2671;49;30;0;4;4;0;1;0
2672;49;30;0;NA;4;0;0;1
2673;49;30;0;2;2;0;1;0
2674;49;30;0;2;2;0;0;1
2675;49;30;0;6;6;0;1;0
2676;49;30;0;NA;6;0;0;1
2677;50;17;0;5;7;0;1;0
2678;50;17;0;7;7;0;0;1
2679;50;17;0;7;0;1;1;0
2680;50;17;0;2;0;1;0;1
2681;50;17;0;7;7;0;1;0
2682;50;17;0;2;7;0;0;1
2683;50;17;0;7;7;0;1;0
2684;50;17;0;7;7;0;0;1
2685;50;17;0;NA;5;0;1;0
2686;50;17;0;6;5;0;0;1
2687;50;17;0;NA;7;0;1;0
2688;50;17;0;NA;7;0;0;1
2689;50;17;0;NA;4;0;1;0
2690;50;17;0;NA;4;0;0;1
2691;50;17;0;7;7;0;1;0
2692;50;17;0;7;7;0;0;1
2693;50;17;0;4;0;1;1;0
2694;50;17;0;5;0;1;0;1
2695;52;26;1;2;0;1;1;0
2696;52;26;1;1;0;1;0;1
2697;52;26;1;3;3;0;1;0
2698;52;26;1;NA;3;0;0;1
2699;52;26;1;5;0;1;1;0
2700;52;26;1;5;0;1;0;1
2701;52;26;1;0;0;1;1;0
2702;52;26;1;0;0;1;0;1
2703;52;26;1;NA;7;0;1;0
2704;52;26;1;NA;7;0;0;1
2705;52;26;1;NA;3;0;1;0
2706;52;26;1;NA;3;0;0;1
2707;52;26;1;NA;0;1;1;0
2708;52;26;1;6;0;1;0;1
2709;52;26;1;3;3;0;1;0
2710;52;26;1;3;3;0;0;1
2711;52;26;1;NA;3;0;1;0
2712;52;26;1;0;3;0;0;1
2713;52;26;1;0;0;1;1;0
2714;52;26;1;0;0;1;0;1
2715;52;26;1;4;3;0;1;0
2716;52;26;1;6;3;0;0;1
2717;52;26;1;NA;0;1;1;0
2718;52;26;1;NA;0;1;0;1
2719;52;26;1;NA;2;0;1;0
2720;52;26;1;NA;2;0;0;1
2721;52;26;1;3;3;0;1;0
2722;52;26;1;3;3;0;0;1
2723;52;26;1;6;7;0;1;0
2724;52;26;1;6;7;0;0;1
2725;53;27;0;NA;3;0;1;0
2726;53;27;0;NA;3;0;0;1
2727;53;27;0;NA;7;0;1;0
2728;53;27;0;4;7;0;0;1
2729;53;27;0;5;5;0;1;0
2730;53;27;0;4;5;0;0;1
2731;53;27;0;2;2;0;1;0
2732;53;27;0;5;2;0;0;1
2733;53;27;0;2;2;0;1;0
2734;53;27;0;5;2;0;0;1
2735;53;27;0;5;7;0;1;0
2736;53;27;0;7;7;0;0;1
2737;53;27;0;4;7;0;1;0
2738;53;27;0;4;7;0;0;1
2739;53;27;0;7;7;0;1;0
2740;53;27;0;7;7;0;0;1
2741;53;27;0;7;0;1;1;0
2742;53;27;0;4;0;1;0;1
2743;53;27;0;3;3;0;1;0
2744;53;27;0;6;3;0;0;1
2745;53;27;0;NA;5;0;1;0
2746;53;27;0;NA;5;0;0;1
2747;53;27;0;NA;7;0;1;0
2748;53;27;0;NA;7;0;0;1
2749;53;27;0;NA;7;0;1;0
2750;53;27;0;NA;7;0;0;1
2751;53;27;0;5;7;0;1;0
2752;53;27;0;5;7;0;0;1
2753;53;27;0;3;3;0;1;0
2754;53;27;0;2;3;0;0;1
2755;53;27;0;3;0;1;1;0
2756;53;27;0;NA;0;1;0;1
2757;53;27;0;4;0;1;1;0
2758;53;27;0;5;0;1;0;1
2759;53;27;0;NA;2;0;1;0
2760;53;27;0;NA;2;0;0;1
2761;53;27;0;NA;0;1;1;0
2762;53;27;0;5;0;1;0;1
2763;53;27;0;NA;3;0;1;0
2764;53;27;0;NA;3;0;0;1
2765;54;28;0;5;5;0;1;0
2766;54;28;0;NA;5;0;0;1
2767;54;28;0;5;0;1;1;0
2768;54;28;0;5;0;1;0;1
2769;54;28;0;4;2;0;1;0
2770;54;28;0;2;2;0;0;1
2771;54;28;0;4;6;0;1;0
2772;54;28;0;7;6;0;0;1
2773;54;28;0;4;4;0;1;0
2774;54;28;0;7;4;0;0;1
2775;54;28;0;3;0;1;1;0
2776;54;28;0;NA;0;1;0;1
2777;54;28;0;NA;3;0;1;0
2778;54;28;0;NA;3;0;0;1
2779;54;28;0;6;7;0;1;0
2780;54;28;0;5;7;0;0;1
2781;54;28;0;NA;7;0;1;0
2782;54;28;0;NA;7;0;0;1
2783;54;28;0;NA;7;0;1;0
2784;54;28;0;NA;7;0;0;1
2785;54;28;0;5;3;0;1;0
2786;54;28;0;7;3;0;0;1
2787;54;28;0;5;3;0;1;0
2788;54;28;0;6;3;0;0;1
2789;54;28;0;NA;7;0;1;0
2790;54;28;0;6;7;0;0;1
2791;54;28;0;5;7;0;1;0
2792;54;28;0;6;7;0;0;1
2793;54;28;0;5;2;0;1;0
2794;54;28;0;NA;2;0;0;1
2795;54;28;0;NA;2;0;1;0
2796;54;28;0;4;2;0;0;1
2797;54;28;0;3;0;1;1;0
2798;54;28;0;NA;0;1;0;1
2799;54;28;0;4;2;0;1;0
2800;54;28;0;1;2;0;0;1
2801;54;28;0;5;3;0;1;0
2802;54;28;0;3;3;0;0;1
2803;54;28;0;NA;3;0;1;0
2804;54;28;0;NA;3;0;0;1
2805;54;28;0;3;2;0;1;0
2806;54;28;0;5;2;0;0;1
2807;54;28;0;NA;4;0;1;0
2808;54;28;0;3;4;0;0;1
2809;55;21;0;NA;7;0;1;0
2810;55;21;0;7;7;0;0;1
2811;55;21;0;NA;7;0;1;0
2812;55;21;0;NA;7;0;0;1
2813;55;21;0;2;1;0;1;0
2814;55;21;0;7;1;0;0;1
2815;55;21;0;NA;4;0;1;0
2816;55;21;0;1;4;0;0;1
2817;55;21;0;7;7;0;1;0
2818;55;21;0;NA;7;0;0;1
2819;55;21;0;NA;4;0;1;0
2820;55;21;0;4;4;0;0;1
2821;55;21;0;3;4;0;1;0
2822;55;21;0;NA;4;0;0;1
2823;55;21;0;3;3;0;1;0
2824;55;21;0;2;3;0;0;1
2825;55;21;0;NA;7;0;1;0
2826;55;21;0;NA;7;0;0;1
2827;55;21;0;3;3;0;1;0
2828;55;21;0;NA;3;0;0;1
2829;55;21;0;7;7;0;1;0
2830;55;21;0;NA;7;0;0;1
2831;55;21;0;4;3;0;1;0
2832;55;21;0;3;3;0;0;1
2833;55;21;0;4;7;0;1;0
2834;55;21;0;3;7;0;0;1
2835;55;21;0;6;7;0;1;0
2836;55;21;0;2;7;0;0;1
2837;55;21;0;7;6;0;1;0
2838;55;21;0;6;6;0;0;1
2839;55;21;0;NA;4;0;1;0
2840;55;21;0;NA;4;0;0;1
2841;55;21;0;4;6;0;1;0
2842;55;21;0;5;6;0;0;1
2843;55;21;0;6;0;1;1;0
2844;55;21;0;4;0;1;0;1
2845;55;21;0;NA;7;0;1;0
2846;55;21;0;4;7;0;0;1
2847;55;21;0;4;7;0;1;0
2848;55;21;0;4;7;0;0;1
2849;55;21;0;NA;2;0;1;0
2850;55;21;0;NA;2;0;0;1
2851;55;21;0;NA;3;0;1;0
2852;55;21;0;NA;3;0;0;1
2853;55;21;0;NA;7;0;1;0
2854;55;21;0;NA;7;0;0;1
2855;55;21;0;4;7;0;1;0
2856;55;21;0;3;7;0;0;1
2857;55;21;0;2;2;0;1;0
2858;55;21;0;NA;2;0;0;1
2859;55;21;0;NA;0;1;1;0
2860;55;21;0;NA;0;1;0;1
2861;56;14;1;2;2;0;1;0
2862;56;14;1;4;2;0;0;1
2863;56;14;1;4;5;0;1;0
2864;56;14;1;NA;5;0;0;1
2865;56;14;1;2;2;0;1;0
2866;56;14;1;5;2;0;0;1
2867;56;14;1;1;0;1;1;0
2868;56;14;1;NA;0;1;0;1
2869;56;14;1;6;7;0;1;0
2870;56;14;1;6;7;0;0;1
2871;56;14;1;NA;3;0;1;0
2872;56;14;1;7;3;0;0;1
2873;56;14;1;3;4;0;1;0
2874;56;14;1;4;4;0;0;1
2875;56;14;1;3;5;0;1;0
2876;56;14;1;7;5;0;0;1
2877;56;14;1;7;7;0;1;0
2878;56;14;1;7;7;0;0;1
2879;56;14;1;7;6;0;1;0
2880;56;14;1;7;6;0;0;1
2881;56;14;1;2;3;0;1;0
2882;56;14;1;3;3;0;0;1
2883;56;14;1;NA;3;0;1;0
2884;56;14;1;NA;3;0;0;1
2885;56;14;1;4;3;0;1;0
2886;56;14;1;3;3;0;0;1
2887;56;14;1;7;7;0;1;0
2888;56;14;1;5;7;0;0;1
2889;56;14;1;6;6;0;1;0
2890;56;14;1;7;6;0;0;1
2891;56;14;1;NA;3;0;1;0
2892;56;14;1;3;3;0;0;1
2893;56;14;1;7;7;0;1;0
2894;56;14;1;7;7;0;0;1
2895;56;14;1;5;3;0;1;0
2896;56;14;1;NA;3;0;0;1
2897;56;14;1;4;4;0;1;0
2898;56;14;1;7;4;0;0;1
2899;56;14;1;NA;3;0;1;0
2900;56;14;1;7;3;0;0;1
2901;56;14;1;5;3;0;1;0
2902;56;14;1;2;3;0;0;1
2903;56;14;1;7;7;0;1;0
2904;56;14;1;7;7;0;0;1
2905;56;14;1;1;0;1;1;0
2906;56;14;1;7;0;1;0;1
2907;56;14;1;7;0;1;1;0
2908;56;14;1;3;0;1;0;1
2909;56;14;1;7;7;0;1;0
2910;56;14;1;NA;7;0;0;1
2911;56;14;1;4;7;0;1;0
2912;56;14;1;NA;7;0;0;1
2913;57;16;0;NA;3;0;1;0
2914;57;16;0;NA;3;0;0;1
2915;57;16;0;7;7;0;1;0
2916;57;16;0;NA;7;0;0;1
2917;57;16;0;NA;3;0;1;0
2918;57;16;0;NA;3;0;0;1
2919;57;16;0;0;0;1;1;0
2920;57;16;0;0;0;1;0;1
2921;57;16;0;5;7;0;1;0
2922;57;16;0;7;7;0;0;1
2923;57;16;0;2;3;0;1;0
2924;57;16;0;2;3;0;0;1
2925;57;16;0;2;7;0;1;0
2926;57;16;0;NA;7;0;0;1
2927;57;16;0;NA;3;0;1;0
2928;57;16;0;1;3;0;0;1
2929;57;16;0;NA;7;0;1;0
2930;57;16;0;7;7;0;0;1
2931;57;16;0;2;2;0;1;0
2932;57;16;0;5;2;0;0;1
2933;57;16;0;7;0;1;1;0
2934;57;16;0;NA;0;1;0;1
2935;57;16;0;NA;7;0;1;0
2936;57;16;0;4;7;0;0;1
2937;57;16;0;7;7;0;1;0
2938;57;16;0;7;7;0;0;1
2939;57;16;0;NA;7;0;1;0
2940;57;16;0;NA;7;0;0;1
2941;57;16;0;5;7;0;1;0
2942;57;16;0;NA;7;0;0;1
2943;57;16;0;7;0;1;1;0
2944;57;16;0;NA;0;1;0;1
2945;57;16;0;1;0;1;1;0
2946;57;16;0;NA;0;1;0;1
2947;57;16;0;3;2;0;1;0
2948;57;16;0;7;2;0;0;1
2949;57;16;0;NA;3;0;1;0
2950;57;16;0;NA;3;0;0;1
2951;58;17;1;NA;3;0;1;0
2952;58;17;1;4;3;0;0;1
2953;58;17;1;NA;7;0;1;0
2954;58;17;1;NA;7;0;0;1
2955;58;17;1;7;7;0;1;0
2956;58;17;1;5;7;0;0;1
2957;58;17;1;7;7;0;1;0
2958;58;17;1;5;7;0;0;1
2959;58;17;1;3;2;0;1;0
2960;58;17;1;3;2;0;0;1
2961;58;17;1;2;0;1;1;0
2962;58;17;1;0;0;1;0;1
2963;58;17;1;6;6;0;1;0
2964;58;17;1;5;6;0;0;1
2965;58;17;1;3;3;0;1;0
2966;58;17;1;NA;3;0;0;1
2967;58;17;1;3;3;0;1;0
2968;58;17;1;7;3;0;0;1
2969;58;17;1;NA;3;0;1;0
2970;58;17;1;NA;3;0;0;1
2971;58;17;1;7;0;1;1;0
2972;58;17;1;4;0;1;0;1
2973;58;17;1;7;7;0;1;0
2974;58;17;1;NA;7;0;0;1
2975;58;17;1;7;5;0;1;0
2976;58;17;1;7;5;0;0;1
2977;58;17;1;7;6;0;1;0
2978;58;17;1;NA;6;0;0;1
2979;59;14;0;3;3;0;1;0
2980;59;14;0;3;3;0;0;1
2981;59;14;0;NA;7;0;1;0
2982;59;14;0;NA;7;0;0;1
2983;59;14;0;3;0;1;1;0
2984;59;14;0;3;0;1;0;1
2985;59;14;0;4;4;0;1;0
2986;59;14;0;4;4;0;0;1
2987;59;14;0;7;4;0;1;0
2988;59;14;0;3;4;0;0;1
2989;59;14;0;2;7;0;1;0
2990;59;14;0;4;7;0;0;1
2991;59;14;0;7;0;1;1;0
2992;59;14;0;7;0;1;0;1
2993;59;14;0;2;3;0;1;0
2994;59;14;0;3;3;0;0;1
2995;59;14;0;0;0;1;1;0
2996;59;14;0;NA;0;1;0;1
2997;59;14;0;7;3;0;1;0
2998;59;14;0;NA;3;0;0;1
2999;59;14;0;4;3;0;1;0
3000;59;14;0;3;3;0;0;1
3001;59;14;0;NA;3;0;1;0
3002;59;14;0;NA;3;0;0;1
3003;59;14;0;2;7;0;1;0
3004;59;14;0;7;7;0;0;1
3005;59;14;0;2;3;0;1;0
3006;59;14;0;3;3;0;0;1
3007;59;14;0;2;3;0;1;0
3008;59;14;0;3;3;0;0;1
3009;59;14;0;4;2;0;1;0
3010;59;14;0;2;2;0;0;1
3011;59;14;0;3;3;0;1;0
3012;59;14;0;3;3;0;0;1
3013;59;14;0;7;2;0;1;0
3014;59;14;0;NA;2;0;0;1
3015;59;14;0;NA;7;0;1;0
3016;59;14;0;NA;7;0;0;1
3017;60;34;0;7;7;0;1;0
3018;60;34;0;4;7;0;0;1
3019;60;34;0;2;4;0;1;0
3020;60;34;0;4;4;0;0;1
3021;60;34;0;7;7;0;1;0
3022;60;34;0;7;7;0;0;1
3023;60;34;0;NA;3;0;1;0
3024;60;34;0;NA;3;0;0;1
3025;60;34;0;2;3;0;1;0
3026;60;34;0;2;3;0;0;1
3027;60;34;0;7;7;0;1;0
3028;60;34;0;7;7;0;0;1
3029;61;24;0;2;2;0;1;0
3030;61;24;0;2;2;0;0;1
3031;61;24;0;NA;3;0;1;0
3032;61;24;0;NA;3;0;0;1
3033;61;24;0;2;3;0;1;0
3034;61;24;0;NA;3;0;0;1
3035;61;24;0;3;2;0;1;0
3036;61;24;0;3;2;0;0;1
3037;61;24;0;NA;2;0;1;0
3038;61;24;0;NA;2;0;0;1
3039;61;24;0;4;7;0;1;0
3040;61;24;0;NA;7;0;0;1
3041;61;24;0;NA;7;0;1;0
3042;61;24;0;7;7;0;0;1
3043;61;24;0;NA;7;0;1;0
3044;61;24;0;NA;7;0;0;1
3045;61;24;0;NA;7;0;1;0
3046;61;24;0;7;7;0;0;1
3047;61;24;0;3;3;0;1;0
3048;61;24;0;4;3;0;0;1
3049;61;24;0;3;3;0;1;0
3050;61;24;0;3;3;0;0;1
3051;61;24;0;3;3;0;1;0
3052;61;24;0;3;3;0;0;1
3053;61;24;0;4;7;0;1;0
3054;61;24;0;NA;7;0;0;1
3055;61;24;0;5;2;0;1;0
3056;61;24;0;3;2;0;0;1
3057;61;24;0;4;2;0;1;0
3058;61;24;0;NA;2;0;0;1
3059;61;24;0;NA;0;1;1;0
3060;61;24;0;NA;0;1;0;1
3061;61;24;0;NA;7;0;1;0
3062;61;24;0;5;7;0;0;1
3063;61;24;0;4;0;1;1;0
3064;61;24;0;2;0;1;0;1
3065;61;24;0;7;7;0;1;0
3066;61;24;0;NA;7;0;0;1
3067;62;32;0;7;7;0;1;0
3068;62;32;0;NA;7;0;0;1
3069;62;32;0;3;7;0;1;0
3070;62;32;0;7;7;0;0;1
3071;62;32;0;4;2;0;1;0
3072;62;32;0;2;2;0;0;1
3073;62;32;0;NA;4;0;1;0
3074;62;32;0;7;4;0;0;1
3075;62;32;0;4;7;0;1;0
3076;62;32;0;NA;7;0;0;1
3077;62;32;0;NA;2;0;1;0
3078;62;32;0;NA;2;0;0;1
3079;62;32;0;NA;7;0;1;0
3080;62;32;0;6;7;0;0;1
3081;62;32;0;7;7;0;1;0
3082;62;32;0;7;7;0;0;1
3083;62;32;0;7;4;0;1;0
3084;62;32;0;3;4;0;0;1
3085;62;32;0;0;0;1;1;0
3086;62;32;0;0;0;1;0;1
3087;62;32;0;7;7;0;1;0
3088;62;32;0;NA;7;0;0;1
3089;62;32;0;NA;0;1;1;0
3090;62;32;0;0;0;1;0;1
3091;62;32;0;7;3;0;1;0
3092;62;32;0;NA;3;0;0;1
3093;62;32;0;NA;7;0;1;0
3094;62;32;0;NA;7;0;0;1
3095;62;32;0;NA;2;0;1;0
3096;62;32;0;2;2;0;0;1
3097;62;32;0;3;3;0;1;0
3098;62;32;0;NA;3;0;0;1
3099;62;32;0;2;3;0;1;0
3100;62;32;0;NA;3;0;0;1
3101;62;32;0;7;3;0;1;0
3102;62;32;0;NA;3;0;0;1
3103;62;32;0;2;2;0;1;0
3104;62;32;0;0;2;0;0;1
3105;63;26;0;3;4;0;1;0
3106;63;26;0;3;4;0;0;1
3107;63;26;0;3;3;0;1;0
3108;63;26;0;2;3;0;0;1
3109;63;26;0;NA;7;0;1;0
3110;63;26;0;7;7;0;0;1
3111;63;26;0;7;7;0;1;0
3112;63;26;0;5;7;0;0;1
3113;63;26;0;NA;7;0;1;0
3114;63;26;0;NA;7;0;0;1
3115;63;26;0;NA;0;1;1;0
3116;63;26;0;NA;0;1;0;1
3117;63;26;0;NA;2;0;1;0
3118;63;26;0;3;2;0;0;1
3119;63;26;0;NA;7;0;1;0
3120;63;26;0;NA;7;0;0;1
3121;63;26;0;NA;6;0;1;0
3122;63;26;0;NA;6;0;0;1
3123;63;26;0;3;0;1;1;0
3124;63;26;0;4;0;1;0;1
3125;63;26;0;2;3;0;1;0
3126;63;26;0;2;3;0;0;1
3127;63;26;0;3;3;0;1;0
3128;63;26;0;3;3;0;0;1
3129;63;26;0;7;7;0;1;0
3130;63;26;0;7;7;0;0;1
3131;63;26;0;1;3;0;1;0
3132;63;26;0;5;3;0;0;1
3133;63;26;0;3;3;0;1;0
3134;63;26;0;NA;3;0;0;1
3135;63;26;0;NA;7;0;1;0
3136;63;26;0;7;7;0;0;1
3137;63;26;0;7;7;0;1;0
3138;63;26;0;7;7;0;0;1
3139;63;26;0;1;0;1;1;0
3140;63;26;0;NA;0;1;0;1
3141;63;26;0;3;3;0;1;0
3142;63;26;0;7;3;0;0;1
3143;64;25;0;7;7;0;1;0
3144;64;25;0;6;7;0;0;1
3145;64;25;0;2;3;0;1;0
3146;64;25;0;3;3;0;0;1
3147;64;25;0;0;0;1;1;0
3148;64;25;0;0;0;1;0;1
3149;64;25;0;2;2;0;1;0
3150;64;25;0;2;2;0;0;1
3151;64;25;0;7;7;0;1;0
3152;64;25;0;7;7;0;0;1
3153;64;25;0;7;7;0;1;0
3154;64;25;0;NA;7;0;0;1
3155;64;25;0;5;7;0;1;0
3156;64;25;0;3;7;0;0;1
3157;64;25;0;4;2;0;1;0
3158;64;25;0;5;2;0;0;1
3159;64;25;0;NA;0;1;1;0
3160;64;25;0;NA;0;1;0;1
3161;64;25;0;NA;3;0;1;0
3162;64;25;0;NA;3;0;0;1
3163;64;25;0;NA;7;0;1;0
3164;64;25;0;5;7;0;0;1
3165;64;25;0;NA;4;0;1;0
3166;64;25;0;NA;4;0;0;1
3167;64;25;0;3;3;0;1;0
3168;64;25;0;3;3;0;0;1
3169;64;25;0;4;1;0;1;0
3170;64;25;0;2;1;0;0;1
3171;64;25;0;1;0;1;1;0
3172;64;25;0;0;0;1;0;1
3173;64;25;0;NA;3;0;1;0
3174;64;25;0;4;3;0;0;1
3175;64;25;0;NA;0;1;1;0
3176;64;25;0;NA;0;1;0;1
3177;64;25;0;5;6;0;1;0
3178;64;25;0;4;6;0;0;1
3179;65;20;0;NA;7;0;1;0
3180;65;20;0;NA;7;0;0;1
3181;65;20;0;7;7;0;1;0
3182;65;20;0;7;7;0;0;1
3183;65;20;0;7;0;1;1;0
3184;65;20;0;NA;0;1;0;1
3185;65;20;0;7;7;0;1;0
3186;65;20;0;7;7;0;0;1
3187;65;20;0;NA;3;0;1;0
3188;65;20;0;NA;3;0;0;1
3189;65;20;0;3;7;0;1;0
3190;65;20;0;6;7;0;0;1
3191;65;20;0;NA;7;0;1;0
3192;65;20;0;7;7;0;0;1
3193;65;20;0;7;6;0;1;0
3194;65;20;0;4;6;0;0;1
3195;65;20;0;1;1;0;1;0
3196;65;20;0;NA;1;0;0;1
3197;65;20;0;4;3;0;1;0
3198;65;20;0;NA;3;0;0;1
3199;67;33;1;5;2;0;1;0
3200;67;33;1;2;2;0;0;1
3201;67;33;1;5;2;0;1;0
3202;67;33;1;2;2;0;0;1
3203;67;33;1;7;7;0;1;0
3204;67;33;1;7;7;0;0;1
3205;67;33;1;NA;2;0;1;0
3206;67;33;1;NA;2;0;0;1
3207;67;33;1;2;2;0;1;0
3208;67;33;1;3;2;0;0;1
3209;67;33;1;NA;0;1;1;0
3210;67;33;1;NA;0;1;0;1
3211;67;33;1;7;7;0;1;0
3212;67;33;1;7;7;0;0;1
3213;67;33;1;7;0;1;1;0
3214;67;33;1;1;0;1;0;1
3215;67;33;1;2;2;0;1;0
3216;67;33;1;NA;2;0;0;1
3217;67;33;1;7;3;0;1;0
3218;67;33;1;NA;3;0;0;1
3219;67;33;1;7;3;0;1;0
3220;67;33;1;7;3;0;0;1
3221;67;33;1;NA;7;0;1;0
3222;67;33;1;7;7;0;0;1
3223;67;33;1;6;6;0;1;0
3224;67;33;1;7;6;0;0;1
3225;67;33;1;6;0;1;1;0
3226;67;33;1;1;0;1;0;1
3227;67;33;1;2;2;0;1;0
3228;67;33;1;3;2;0;0;1
3229;67;33;1;5;4;0;1;0
3230;67;33;1;3;4;0;0;1
3231;67;33;1;2;0;1;1;0
3232;67;33;1;1;0;1;0;1
3233;67;33;1;6;2;0;1;0
3234;67;33;1;3;2;0;0;1
3235;67;33;1;5;4;0;1;0
3236;67;33;1;4;4;0;0;1
3237;69;16;1;2;3;0;1;0
3238;69;16;1;2;3;0;0;1
3239;69;16;1;7;4;0;1;0
3240;69;16;1;7;4;0;0;1
3241;69;16;1;1;2;0;1;0
3242;69;16;1;NA;2;0;0;1
3243;69;16;1;0;0;1;1;0
3244;69;16;1;0;0;1;0;1
3245;69;16;1;3;0;1;1;0
3246;69;16;1;4;0;1;0;1
3247;69;16;1;7;7;0;1;0
3248;69;16;1;7;7;0;0;1
3249;69;16;1;5;7;0;1;0
3250;69;16;1;NA;7;0;0;1
3251;69;16;1;7;7;0;1;0
3252;69;16;1;6;7;0;0;1
3253;69;16;1;4;0;1;1;0
3254;69;16;1;NA;0;1;0;1
3255;69;16;1;7;7;0;1;0
3256;69;16;1;7;7;0;0;1
3257;69;16;1;NA;7;0;1;0
3258;69;16;1;7;7;0;0;1
3259;69;16;1;NA;2;0;1;0
3260;69;16;1;NA;2;0;0;1
3261;69;16;1;3;7;0;1;0
3262;69;16;1;5;7;0;0;1
3263;69;16;1;NA;0;1;1;0
3264;69;16;1;NA;0;1;0;1
3265;69;16;1;7;7;0;1;0
3266;69;16;1;2;7;0;0;1
3267;69;16;1;5;6;0;1;0
3268;69;16;1;7;6;0;0;1
3269;69;16;1;NA;6;0;1;0
3270;69;16;1;NA;6;0;0;1
3271;69;16;1;2;7;0;1;0
3272;69;16;1;7;7;0;0;1
3273;69;16;1;NA;3;0;1;0
3274;69;16;1;NA;3;0;0;1
3275;69;16;1;NA;7;0;1;0
3276;69;16;1;NA;7;0;0;1
3277;69;16;1;2;2;0;1;0
3278;69;16;1;NA;2;0;0;1
3279;69;16;1;7;7;0;1;0
3280;69;16;1;6;7;0;0;1
3281;71;33;1;NA;3;0;1;0
3282;71;33;1;NA;3;0;0;1
3283;71;33;1;4;3;0;1;0
3284;71;33;1;5;3;0;0;1
3285;71;33;1;6;3;0;1;0
3286;71;33;1;NA;3;0;0;1
3287;71;33;1;0;0;1;1;0
3288;71;33;1;0;0;1;0;1
3289;71;33;1;3;7;0;1;0
3290;71;33;1;7;7;0;0;1
3291;71;33;1;4;3;0;1;0
3292;71;33;1;7;3;0;0;1
3293;71;33;1;7;7;0;1;0
3294;71;33;1;7;7;0;0;1
3295;71;33;1;2;3;0;1;0
3296;71;33;1;3;3;0;0;1
3297;71;33;1;5;4;0;1;0
3298;71;33;1;NA;4;0;0;1
3299;71;33;1;NA;0;1;1;0
3300;71;33;1;NA;0;1;0;1
3301;71;33;1;5;2;0;1;0
3302;71;33;1;0;2;0;0;1
3303;71;33;1;5;3;0;1;0
3304;71;33;1;3;3;0;0;1
3305;71;33;1;3;0;1;1;0
3306;71;33;1;0;0;1;0;1
3307;71;33;1;6;4;0;1;0
3308;71;33;1;7;4;0;0;1
3309;71;33;1;4;2;0;1;0
3310;71;33;1;1;2;0;0;1
3311;71;33;1;NA;2;0;1;0
3312;71;33;1;NA;2;0;0;1
3313;71;33;1;6;2;0;1;0
3314;71;33;1;3;2;0;0;1
3315;71;33;1;NA;7;0;1;0
3316;71;33;1;NA;7;0;0;1
3317;71;33;1;4;4;0;1;0
3318;71;33;1;NA;4;0;0;1
3319;71;33;1;4;2;0;1;0
3320;71;33;1;2;2;0;0;1
3321;71;33;1;0;0;1;1;0
3322;71;33;1;0;0;1;0;1
3323;71;33;1;NA;0;1;1;0
3324;71;33;1;NA;0;1;0;1
3325;72;20;1;NA;4;0;1;0
3326;72;20;1;5;4;0;0;1
3327;72;20;1;1;2;0;1;0
3328;72;20;1;2;2;0;0;1
3329;72;20;1;NA;7;0;1;0
3330;72;20;1;NA;7;0;0;1
3331;72;20;1;5;4;0;1;0
3332;72;20;1;4;4;0;0;1
3333;72;20;1;3;5;0;1;0
3334;72;20;1;NA;5;0;0;1
3335;72;20;1;NA;7;0;1;0
3336;72;20;1;6;7;0;0;1
3337;72;20;1;2;0;1;1;0
3338;72;20;1;5;0;1;0;1
3339;72;20;1;7;6;0;1;0
3340;72;20;1;3;6;0;0;1
3341;72;20;1;1;3;0;1;0
3342;72;20;1;5;3;0;0;1
3343;72;20;1;2;1;0;1;0
3344;72;20;1;6;1;0;0;1
3345;73;22;0;7;7;0;1;0
3346;73;22;0;7;7;0;0;1
3347;73;22;0;7;0;1;1;0
3348;73;22;0;7;0;1;0;1
3349;73;22;0;7;7;0;1;0
3350;73;22;0;7;7;0;0;1
3351;73;22;0;3;2;0;1;0
3352;73;22;0;NA;2;0;0;1
3353;73;22;0;NA;7;0;1;0
3354;73;22;0;7;7;0;0;1
3355;73;22;0;5;4;0;1;0
3356;73;22;0;4;4;0;0;1
3357;73;22;0;4;3;0;1;0
3358;73;22;0;NA;3;0;0;1
3359;73;22;0;3;4;0;1;0
3360;73;22;0;3;4;0;0;1
3361;73;22;0;NA;3;0;1;0
3362;73;22;0;NA;3;0;0;1
3363;73;22;0;1;3;0;1;0
3364;73;22;0;0;3;0;0;1
3365;73;22;0;7;7;0;1;0
3366;73;22;0;NA;7;0;0;1
